-- MySQL dump 10.13  Distrib 5.1.33, for Win32 (ia32)
--
-- Host: localhost    Database: flamma_mvts
-- ------------------------------------------------------
-- Server version	5.1.33-community

/*!40101 SET @OLD_CHARACTER_SET_CLIENT=@@CHARACTER_SET_CLIENT */;
/*!40101 SET @OLD_CHARACTER_SET_RESULTS=@@CHARACTER_SET_RESULTS */;
/*!40101 SET @OLD_COLLATION_CONNECTION=@@COLLATION_CONNECTION */;
/*!40101 SET NAMES utf8 */;
/*!40103 SET @OLD_TIME_ZONE=@@TIME_ZONE */;
/*!40103 SET TIME_ZONE='+00:00' */;
/*!40014 SET @OLD_UNIQUE_CHECKS=@@UNIQUE_CHECKS, UNIQUE_CHECKS=0 */;
/*!40014 SET @OLD_FOREIGN_KEY_CHECKS=@@FOREIGN_KEY_CHECKS, FOREIGN_KEY_CHECKS=0 */;
/*!40101 SET @OLD_SQL_MODE=@@SQL_MODE, SQL_MODE='NO_AUTO_VALUE_ON_ZERO' */;
/*!40111 SET @OLD_SQL_NOTES=@@SQL_NOTES, SQL_NOTES=0 */;

--
-- Table structure for table `a_test`
--

DROP TABLE IF EXISTS `a_test`;
/*!40101 SET @saved_cs_client     = @@character_set_client */;
/*!40101 SET character_set_client = utf8 */;
CREATE TABLE `a_test` (
  `name` varchar(255) DEFAULT NULL,
  `age` int(10) DEFAULT NULL,
  `id` int(11) NOT NULL AUTO_INCREMENT,
  PRIMARY KEY (`id`)
) ENGINE=MyISAM AUTO_INCREMENT=2 DEFAULT CHARSET=latin1;
/*!40101 SET character_set_client = @saved_cs_client */;

--
-- Dumping data for table `a_test`
--

LOCK TABLES `a_test` WRITE;
/*!40000 ALTER TABLE `a_test` DISABLE KEYS */;
INSERT INTO `a_test` VALUES ('ashraful',10,1);
/*!40000 ALTER TABLE `a_test` ENABLE KEYS */;
UNLOCK TABLES;

--
-- Table structure for table `activity_log`
--

DROP TABLE IF EXISTS `activity_log`;
/*!40101 SET @saved_cs_client     = @@character_set_client */;
/*!40101 SET character_set_client = utf8 */;
CREATE TABLE `activity_log` (
  `id` bigint(18) NOT NULL AUTO_INCREMENT,
  `log_time` decimal(18,0) NOT NULL DEFAULT '0',
  `changed_value` text NOT NULL,
  `table_name` varchar(100) NOT NULL DEFAULT '',
  `is_deleted` int(11) NOT NULL DEFAULT '0',
  `status` int(11) NOT NULL DEFAULT '1',
  `action_name` varchar(50) NOT NULL DEFAULT '',
  `primary_key` varchar(100) NOT NULL DEFAULT '0',
  `user_id` varchar(150) NOT NULL DEFAULT '',
  PRIMARY KEY (`id`)
) ENGINE=MyISAM AUTO_INCREMENT=132 DEFAULT CHARSET=latin1;
/*!40101 SET character_set_client = @saved_cs_client */;

--
-- Dumping data for table `activity_log`
--

LOCK TABLES `activity_log` WRITE;
/*!40000 ALTER TABLE `activity_log` DISABLE KEYS */;
INSERT INTO `activity_log` VALUES (1,'1332814650209','{\"searchWithName\":false,\"rateplan_id\":1,\"rateplan_name\":\"Orgrate\",\"rateplan_des\":\"SellRate\",\"rateplan_firstpulse\":0,\"rateplan_pulse\":0,\"rateplan_status\":0,\"rateplan_statusname\":\"Active\",\"rateplan_date\":1332814650079,\"rateplan_create_date\":\"27/03/2012 08:17:30 AM\",\"user_id\":-1,\"user_name\":\"admin\",\"rateplanList\":null,\"is_deleted\":0,\"client_id\":-1}','rateplan',0,1,'add','Orgrate','admin'),(2,'1332814948402','{\"searchWithPrefixName\":false,\"rateplan_id\":1,\"id\":1,\"rate_id\":37,\"rate_destination_code\":\"00880\",\"rate_destination_name\":\"BD Prime\",\"rate_per_min\":0.035,\"rate_first_pulse\":1,\"rate_next_pulse\":1,\"rate_grace_period\":0,\"rate_failed_period\":0,\"rate_status\":0,\"rate_statusname\":\"Active\",\"rate_date\":1332814948398,\"rate_created_date\":\"27/03/2012 08:22:28 AM\",\"rate_day\":null,\"rate_fromhour\":null,\"rate_frommin\":null,\"rate_tohour\":null,\"rate_tomin\":null,\"rate_sin_day\":-1,\"rate_sin_fromhour\":0,\"rate_sin_frommin\":0,\"rate_sin_tohour\":23,\"rate_sin_tomin\":59,\"ids\":null,\"startingRow\":0,\"limit\":0,\"doSearch\":null,\"sortItem\":0,\"sortOrder\":0,\"is_deleted\":0,\"ratePerMin\":null,\"firstPulse\":null,\"nextPulse\":null,\"gracePeriod\":null,\"failedPeriod\":null,\"formated_time_frame\":null}','rate',0,1,'add','00880','admin'),(3,'1332815849334','{\"searchWithName\":false,\"rateplan_id\":2,\"rateplan_name\":\"Termrate\",\"rateplan_des\":\"BuyRate\",\"rateplan_firstpulse\":0,\"rateplan_pulse\":0,\"rateplan_status\":0,\"rateplan_statusname\":\"Active\",\"rateplan_date\":1332815849329,\"rateplan_create_date\":\"27/03/2012 08:37:29 AM\",\"user_id\":-1,\"user_name\":\"admin\",\"rateplanList\":null,\"is_deleted\":0,\"client_id\":-1}','rateplan',0,1,'add','Termrate','admin'),(4,'1332816547805','{\"searchWithClientID\":false,\"searchWithStatus\":false,\"searchWithType\":false,\"swParentId\":false,\"superUser\":false,\"client_status\":0,\"id\":1,\"client_id\":\"resub\",\"rateplan_id\":1,\"rateplan_name\":\"Orgrate\",\"client_password\":\"123456\",\"retypePassword\":null,\"client_name\":\"\",\"client_email\":\"subrata@ipvisionbd.com\",\"client_type\":0,\"client_status_name\":\"Active\",\"client_type_name\":\"Origination\",\"prefix\":\"\",\"incoming_prefix\":null,\"incoming_to\":null,\"outgoing_prefix\":null,\"outgoing_to\":null,\"selectedIDs\":null,\"client_credit_limit\":\"00.00\",\"client_balance\":\"00.00\",\"client_call_limit\":-1,\"is_deleted\":0,\"client_level\":2,\"client_level_str\":\"Reseller\",\"parent_id\":-1,\"transaction_by\":0}','clients',0,1,'add','resub','admin'),(5,'1332816590709','{\"searchWithClientID\":false,\"searchWithStatus\":false,\"searchWithType\":false,\"swParentId\":false,\"superUser\":false,\"client_status\":0,\"id\":1,\"client_id\":\"resub\",\"rateplan_id\":1,\"rateplan_name\":\"Orgrate\",\"client_password\":\"123456\",\"retypePassword\":null,\"client_name\":\"\",\"client_email\":\"subrata@ipvisionbd.com\",\"client_type\":0,\"client_status_name\":\"Active\",\"client_type_name\":\"Origination\",\"prefix\":\"\",\"incoming_prefix\":null,\"incoming_to\":null,\"outgoing_prefix\":null,\"outgoing_to\":null,\"selectedIDs\":null,\"client_credit_limit\":\"00.00\",\"client_balance\":\"00.00\",\"client_call_limit\":-1,\"is_deleted\":0,\"client_level\":2,\"client_level_str\":\"Reseller\",\"parent_id\":1,\"transaction_by\":0}','clients',0,1,'edit','resub','admin'),(6,'1332816736576','{\"searchWithClientID\":false,\"searchWithStatus\":false,\"searchWithType\":false,\"swParentId\":false,\"superUser\":false,\"client_status\":0,\"id\":2,\"client_id\":\"resub1\",\"rateplan_id\":1,\"rateplan_name\":\"Orgrate\",\"client_password\":\"123456\",\"retypePassword\":null,\"client_name\":\"\",\"client_email\":\"subrata@ipvisionbd.com\",\"client_type\":0,\"client_status_name\":\"Active\",\"client_type_name\":\"Origination\",\"prefix\":\"\",\"incoming_prefix\":null,\"incoming_to\":null,\"outgoing_prefix\":null,\"outgoing_to\":null,\"selectedIDs\":null,\"client_credit_limit\":\"00.00\",\"client_balance\":\"00.00\",\"client_call_limit\":-1,\"is_deleted\":0,\"client_level\":2,\"client_level_str\":\"Reseller\",\"parent_id\":1,\"transaction_by\":0}','clients',0,1,'add','resub1','admin'),(7,'1332816799412','{\"searchWithClientID\":false,\"searchWithStatus\":false,\"searchWithType\":false,\"swParentId\":false,\"superUser\":false,\"client_status\":0,\"id\":3,\"client_id\":\"subtest\",\"rateplan_id\":1,\"rateplan_name\":\"Orgrate\",\"client_password\":\"123456\",\"retypePassword\":null,\"client_name\":\"\",\"client_email\":\"subrata@ipvisionbd.com\",\"client_type\":0,\"client_status_name\":\"Active\",\"client_type_name\":\"Origination\",\"prefix\":\"\",\"incoming_prefix\":null,\"incoming_to\":null,\"outgoing_prefix\":null,\"outgoing_to\":null,\"selectedIDs\":null,\"client_credit_limit\":\"00.00\",\"client_balance\":\"00.00\",\"client_call_limit\":-1,\"is_deleted\":0,\"client_level\":2,\"client_level_str\":\"Reseller\",\"parent_id\":-1,\"transaction_by\":0}','clients',0,1,'add','subtest','admin'),(8,'1332818450071','{\"searchWithClientID\":false,\"searchWithStatus\":false,\"searchWithType\":false,\"swParentId\":false,\"superUser\":false,\"client_status\":0,\"id\":3,\"client_id\":\"subtest\",\"rateplan_id\":1,\"rateplan_name\":\"Orgrate\",\"client_password\":\"123456\",\"retypePassword\":null,\"client_name\":\"\",\"client_email\":\"subrata@ipvisionbd.com\",\"client_type\":0,\"client_status_name\":\"Active\",\"client_type_name\":\"Origination\",\"prefix\":\"\",\"incoming_prefix\":null,\"incoming_to\":null,\"outgoing_prefix\":null,\"outgoing_to\":null,\"selectedIDs\":null,\"client_credit_limit\":\"00.00\",\"client_balance\":\"00.00\",\"client_call_limit\":-1,\"is_deleted\":0,\"client_level\":2,\"client_level_str\":\"Reseller\",\"parent_id\":1,\"transaction_by\":0}','clients',0,1,'edit','subtest','admin'),(9,'1332883442539','{\"searchWithClientID\":false,\"searchWithStatus\":false,\"searchWithType\":false,\"swParentId\":false,\"superUser\":false,\"client_status\":0,\"id\":4,\"client_id\":\"res_ash\",\"rateplan_id\":1,\"rateplan_name\":\"Orgrate\",\"client_password\":\"aaaaaa\",\"retypePassword\":null,\"client_name\":\"aaaaa\",\"client_email\":\"aaaa@email.com\",\"client_type\":0,\"client_status_name\":\"Active\",\"client_type_name\":\"Origination\",\"prefix\":\"\",\"incoming_prefix\":null,\"incoming_to\":null,\"outgoing_prefix\":null,\"outgoing_to\":null,\"selectedIDs\":null,\"client_credit_limit\":\"00.00\",\"client_balance\":\"00.00\",\"client_call_limit\":-1,\"is_deleted\":0,\"client_level\":2,\"client_level_str\":\"Reseller\",\"parent_id\":-1,\"transaction_by\":0}','clients',0,1,'add','res_ash','admin'),(10,'1332883573130','{\"searchWithClientID\":false,\"searchWithStatus\":false,\"searchWithType\":false,\"swParentId\":false,\"superUser\":false,\"client_status\":0,\"id\":5,\"client_id\":\"client_ash\",\"rateplan_id\":1,\"rateplan_name\":\"Orgrate\",\"client_password\":\"aaaaaa\",\"retypePassword\":null,\"client_name\":\"aaaaaa\",\"client_email\":\"aaaa@email.com\",\"client_type\":0,\"client_status_name\":\"Active\",\"client_type_name\":\"Origination\",\"prefix\":\"\",\"incoming_prefix\":null,\"incoming_to\":null,\"outgoing_prefix\":null,\"outgoing_to\":null,\"selectedIDs\":null,\"client_credit_limit\":\"00.00\",\"client_balance\":\"00.00\",\"client_call_limit\":-1,\"is_deleted\":0,\"client_level\":1,\"client_level_str\":\"Client\",\"parent_id\":4,\"transaction_by\":0}','clients',0,1,'add','client_ash','admin'),(11,'1332917932742','{\"searchWithClientID\":false,\"searchWithStatus\":false,\"searchWithType\":false,\"swParentId\":false,\"superUser\":false,\"client_status\":0,\"id\":6,\"client_id\":\"admindfsdf\",\"rateplan_id\":2,\"rateplan_name\":\"Termrate\",\"client_password\":\"aaaaaa\",\"retypePassword\":null,\"client_name\":\"aaa\",\"client_email\":\"aaaa@email.com\",\"client_type\":0,\"client_status_name\":\"Active\",\"client_type_name\":\"Origination\",\"prefix\":\"\",\"incoming_prefix\":null,\"incoming_to\":null,\"outgoing_prefix\":null,\"outgoing_to\":null,\"selectedIDs\":null,\"client_credit_limit\":\"00.00\",\"client_balance\":\"00.00\",\"client_call_limit\":-1,\"is_deleted\":0,\"client_level\":1,\"client_level_str\":\"Client\",\"parent_id\":4,\"old_parent_id\":0,\"transaction_by\":0}','clients',0,1,'add','admindfsdf','admin'),(12,'1332917956016','{\"searchWithClientID\":false,\"searchWithStatus\":false,\"searchWithType\":false,\"swParentId\":false,\"superUser\":false,\"client_status\":0,\"id\":7,\"client_id\":\"aaaa\",\"rateplan_id\":1,\"rateplan_name\":\"Orgrate\",\"client_password\":\"aaaaaa\",\"retypePassword\":null,\"client_name\":\"aaaaaa\",\"client_email\":\"aaaa@email.com\",\"client_type\":0,\"client_status_name\":\"Active\",\"client_type_name\":\"Origination\",\"prefix\":\"\",\"incoming_prefix\":null,\"incoming_to\":null,\"outgoing_prefix\":null,\"outgoing_to\":null,\"selectedIDs\":null,\"client_credit_limit\":\"00.00\",\"client_balance\":\"00.00\",\"client_call_limit\":-1,\"is_deleted\":0,\"client_level\":1,\"client_level_str\":\"Client\",\"parent_id\":-1,\"old_parent_id\":0,\"transaction_by\":0}','clients',0,1,'add','aaaa','admin'),(13,'1332918642656','{\"searchWithClientID\":false,\"searchWithStatus\":false,\"searchWithType\":false,\"swParentId\":false,\"superUser\":false,\"client_status\":0,\"id\":8,\"client_id\":\"res_ash1\",\"rateplan_id\":1,\"rateplan_name\":\"Orgrate\",\"client_password\":\"aaaaaa\",\"retypePassword\":null,\"client_name\":\"aaa\",\"client_email\":\"aaaa@email.com\",\"client_type\":0,\"client_status_name\":\"Active\",\"client_type_name\":\"Origination\",\"prefix\":\"123\",\"incoming_prefix\":null,\"incoming_to\":null,\"outgoing_prefix\":null,\"outgoing_to\":null,\"selectedIDs\":null,\"client_credit_limit\":\"00.00\",\"client_balance\":\"00.00\",\"client_call_limit\":-1,\"is_deleted\":0,\"client_level\":2,\"client_level_str\":\"Reseller\",\"parent_id\":-1,\"old_parent_id\":0,\"transaction_by\":0}','clients',0,1,'add','res_ash1','admin'),(14,'1332918665328','{\"searchWithClientID\":false,\"searchWithStatus\":false,\"searchWithType\":false,\"swParentId\":false,\"superUser\":false,\"client_status\":0,\"id\":5,\"client_id\":\"client_ash\",\"rateplan_id\":1,\"rateplan_name\":\"Orgrate\",\"client_password\":\"aaaaaa\",\"retypePassword\":null,\"client_name\":\"aaaaaa\",\"client_email\":\"aaaa@email.com\",\"client_type\":0,\"client_status_name\":\"Active\",\"client_type_name\":\"Origination\",\"prefix\":\"\",\"incoming_prefix\":null,\"incoming_to\":null,\"outgoing_prefix\":null,\"outgoing_to\":null,\"selectedIDs\":null,\"client_credit_limit\":\"00.00\",\"client_balance\":\"00.00\",\"client_call_limit\":-1,\"is_deleted\":0,\"client_level\":1,\"client_level_str\":\"Client\",\"parent_id\":8,\"old_parent_id\":0,\"transaction_by\":0}','clients',0,1,'edit','client_ash','admin'),(15,'1332919731100','{\"searchWithClientID\":false,\"searchWithStatus\":false,\"searchWithType\":false,\"swParentId\":false,\"superUser\":false,\"client_status\":0,\"id\":5,\"client_id\":\"client_ash\",\"rateplan_id\":1,\"rateplan_name\":\"Orgrate\",\"client_password\":\"aaaaaa\",\"retypePassword\":null,\"client_name\":\"aaaaaa\",\"client_email\":\"aaaa@email.com\",\"client_type\":0,\"client_status_name\":\"Active\",\"client_type_name\":\"Origination\",\"prefix\":\"\",\"incoming_prefix\":null,\"incoming_to\":null,\"outgoing_prefix\":null,\"outgoing_to\":null,\"selectedIDs\":null,\"client_credit_limit\":\"00.00\",\"client_balance\":\"00.00\",\"client_call_limit\":-1,\"is_deleted\":0,\"client_level\":1,\"client_level_str\":\"Client\",\"parent_id\":4,\"old_parent_id\":0,\"transaction_by\":0}','clients',0,1,'edit','client_ash','admin'),(16,'1332919769081','{\"searchWithPrefixName\":false,\"rateplan_id\":2,\"id\":2,\"rate_id\":38,\"rate_destination_code\":\"880\",\"rate_destination_name\":\"BD WHITE\",\"rate_per_min\":0.0010,\"rate_first_pulse\":1,\"rate_next_pulse\":1,\"rate_grace_period\":0,\"rate_failed_period\":0,\"rate_status\":0,\"rate_statusname\":\"Active\",\"rate_date\":1332919768219,\"rate_created_date\":\"28/03/2012 01:29:28 PM\",\"rate_day\":null,\"rate_fromhour\":null,\"rate_frommin\":null,\"rate_tohour\":null,\"rate_tomin\":null,\"rate_sin_day\":-1,\"rate_sin_fromhour\":0,\"rate_sin_frommin\":0,\"rate_sin_tohour\":23,\"rate_sin_tomin\":59,\"ids\":null,\"startingRow\":0,\"limit\":0,\"doSearch\":null,\"sortItem\":0,\"sortOrder\":0,\"is_deleted\":0,\"ratePerMin\":null,\"firstPulse\":null,\"nextPulse\":null,\"gracePeriod\":null,\"failedPeriod\":null,\"formated_time_frame\":null}','rate',0,1,'add','880','admin'),(17,'1332919789706','{\"searchWithPrefixName\":false,\"rateplan_id\":2,\"id\":3,\"rate_id\":39,\"rate_destination_code\":\"00880\",\"rate_destination_name\":\"BDW\",\"rate_per_min\":0.0020,\"rate_first_pulse\":1,\"rate_next_pulse\":1,\"rate_grace_period\":0,\"rate_failed_period\":0,\"rate_status\":0,\"rate_statusname\":\"Active\",\"rate_date\":1332919788855,\"rate_created_date\":\"28/03/2012 01:29:48 PM\",\"rate_day\":null,\"rate_fromhour\":null,\"rate_frommin\":null,\"rate_tohour\":null,\"rate_tomin\":null,\"rate_sin_day\":-1,\"rate_sin_fromhour\":0,\"rate_sin_frommin\":0,\"rate_sin_tohour\":23,\"rate_sin_tomin\":59,\"ids\":null,\"startingRow\":0,\"limit\":0,\"doSearch\":null,\"sortItem\":0,\"sortOrder\":0,\"is_deleted\":0,\"ratePerMin\":null,\"firstPulse\":null,\"nextPulse\":null,\"gracePeriod\":null,\"failedPeriod\":null,\"formated_time_frame\":null}','rate',0,1,'add','00880','admin'),(18,'1332919831426','{\"searchWithPrefixName\":false,\"rateplan_id\":1,\"id\":4,\"rate_id\":40,\"rate_destination_code\":\"880\",\"rate_destination_name\":\"BD WHITEsdfsad\",\"rate_per_min\":0.0020,\"rate_first_pulse\":1,\"rate_next_pulse\":1,\"rate_grace_period\":0,\"rate_failed_period\":0,\"rate_status\":0,\"rate_statusname\":\"Active\",\"rate_date\":1332919830584,\"rate_created_date\":\"28/03/2012 01:30:30 PM\",\"rate_day\":null,\"rate_fromhour\":null,\"rate_frommin\":null,\"rate_tohour\":null,\"rate_tomin\":null,\"rate_sin_day\":-1,\"rate_sin_fromhour\":0,\"rate_sin_frommin\":0,\"rate_sin_tohour\":23,\"rate_sin_tomin\":59,\"ids\":null,\"startingRow\":0,\"limit\":0,\"doSearch\":null,\"sortItem\":0,\"sortOrder\":0,\"is_deleted\":0,\"ratePerMin\":null,\"firstPulse\":null,\"nextPulse\":null,\"gracePeriod\":null,\"failedPeriod\":null,\"formated_time_frame\":null}','rate',0,1,'add','880','admin'),(19,'1332919954727','{\"searchWithClientID\":false,\"searchWithStatus\":false,\"searchWithType\":false,\"swParentId\":false,\"superUser\":false,\"client_status\":0,\"id\":9,\"client_id\":\"termclient\",\"rateplan_id\":2,\"rateplan_name\":\"Termrate\",\"client_password\":\"aaaaaa\",\"retypePassword\":null,\"client_name\":\"aaaaa\",\"client_email\":\"aaaa@email.com\",\"client_type\":1,\"client_status_name\":\"Active\",\"client_type_name\":\"Termination\",\"prefix\":\"\",\"incoming_prefix\":null,\"incoming_to\":null,\"outgoing_prefix\":null,\"outgoing_to\":null,\"selectedIDs\":null,\"client_credit_limit\":\"00.00\",\"client_balance\":\"00.00\",\"client_call_limit\":-1,\"is_deleted\":0,\"client_level\":1,\"client_level_str\":\"Client\",\"parent_id\":-1,\"old_parent_id\":0,\"transaction_by\":0}','clients',0,1,'add','termclient','admin'),(20,'1332919987387','{\"searchWithGatewayIP\":false,\"searchWithStatus\":false,\"searchWithType\":false,\"superUser\":false,\"id\":1,\"gateway_ip\":\"38.108.92.37\",\"gateway_name\":\"admin_org_gate\",\"gateway_status\":0,\"gateway_type\":0,\"gateway_status_name\":\"Active\",\"gateway_type_name\":\"Origination\",\"gateway_dst_port_h323\":0,\"gateway_dst_port_sip\":0,\"mvts_id\":0,\"mvts_name\":null,\"clientId\":7,\"client_name\":\"aaaa\",\"client_balance\":0.0,\"selectedIDs\":null,\"switchGatewayId\":254,\"is_deleted\":0,\"parent_id\":0,\"owner_id\":-1}','gateway',0,1,'add','admin_org_gate','admin'),(21,'1332920003221','{\"searchWithGatewayIP\":false,\"searchWithStatus\":false,\"searchWithType\":false,\"superUser\":false,\"id\":2,\"gateway_ip\":\"38.108.92.156\",\"gateway_name\":\"admin_term_gate\",\"gateway_status\":0,\"gateway_type\":1,\"gateway_status_name\":\"Active\",\"gateway_type_name\":\"Termination\",\"gateway_dst_port_h323\":1720,\"gateway_dst_port_sip\":5060,\"mvts_id\":0,\"mvts_name\":null,\"clientId\":9,\"client_name\":\"termclient\",\"client_balance\":0.0,\"selectedIDs\":null,\"switchGatewayId\":255,\"is_deleted\":0,\"parent_id\":0,\"owner_id\":-1}','gateway',0,1,'add','admin_term_gate','admin'),(22,'1332920026131','{\"searchWithDialplanName\":false,\"searchWithStatus\":false,\"searchWithPrefix\":false,\"searchWithGatewayName\":false,\"superUser\":false,\"id\":81,\"dialplan_name\":\"admin_term_dialplan\",\"dialplan_description\":\"admin termination\",\"dialplan_enable\":1,\"dialplan_sched_type\":0,\"dialplan_sched_tod_on\":\"0000\",\"dialplan_sched_tod_off\":\"0000\",\"dialplan_sched_type_name\":\"No Schedule\",\"is_deleted\":0,\"client_id\":-1,\"parent_id\":0,\"dialplan_sched_tod_on_name\":\"00:00\",\"dialplan_sched_tod_off_name\":\"00:00\",\"onhour\":0,\"onmin\":0,\"offhour\":0,\"offmin\":0,\"dialplan_enable_name\":\"Active\",\"dialplan_gateway_list\":\"255;\",\"dialplan_gateway_list_array\":[255],\"dialplan_gateway_list_name\":\"* admin_term_gate\\u003cbr\\u003e\",\"dialplan_dnis_pattern\":\"880\",\"dialplan_ani_translate\":\"\",\"dialplan_dnis_translate\":\"^(.*)/00\\\\1\",\"dialplan_hunt_mode\":0,\"dialplan_hunt_mode_name\":\"No balancing\",\"dialplan_stat_enable\":0,\"dialplan_capacity\":0,\"dialplan_priority\":0,\"selectedIDs\":null,\"gateway_id\":null,\"gateway_name\":null,\"gateway_id_single\":0,\"gateway_name_single\":null,\"gateway_owner_id\":0}','dialpeer',0,1,'add','admin_term_dialplan','admin'),(23,'1332920085578','{\"searchWithClientID\":false,\"searchWithStatus\":false,\"searchWithType\":false,\"swParentId\":false,\"superUser\":false,\"client_status\":0,\"id\":9,\"client_id\":\"termclient\",\"rateplan_id\":2,\"rateplan_name\":\"Termrate\",\"client_password\":\"aaaaaa\",\"retypePassword\":null,\"client_name\":\"aaaaa\",\"client_email\":\"aaaa@email.com\",\"client_type\":1,\"client_status_name\":\"Active\",\"client_type_name\":\"Termination\",\"prefix\":\"\",\"incoming_prefix\":null,\"incoming_to\":null,\"outgoing_prefix\":null,\"outgoing_to\":null,\"selectedIDs\":null,\"client_credit_limit\":\"00.00\",\"client_balance\":\"100.00\",\"client_call_limit\":-1,\"is_deleted\":0,\"client_level\":1,\"client_level_str\":\"Client\",\"parent_id\":-1,\"old_parent_id\":0,\"transaction_by\":0}','clients',0,1,'edit','termclient','admin'),(24,'1332920086062','{\"searchWithClientID\":false,\"searchWithStatus\":false,\"searchWithType\":false,\"swParentId\":false,\"superUser\":false,\"client_status\":0,\"id\":7,\"client_id\":\"aaaa\",\"rateplan_id\":1,\"rateplan_name\":\"Orgrate\",\"client_password\":\"aaaaaa\",\"retypePassword\":null,\"client_name\":\"aaaaaa\",\"client_email\":\"aaaa@email.com\",\"client_type\":0,\"client_status_name\":\"Active\",\"client_type_name\":\"Origination\",\"prefix\":\"\",\"incoming_prefix\":null,\"incoming_to\":null,\"outgoing_prefix\":null,\"outgoing_to\":null,\"selectedIDs\":null,\"client_credit_limit\":\"00.00\",\"client_balance\":\"100.00\",\"client_call_limit\":-1,\"is_deleted\":0,\"client_level\":1,\"client_level_str\":\"Client\",\"parent_id\":-1,\"old_parent_id\":0,\"transaction_by\":0}','clients',0,1,'edit','aaaa','admin'),(25,'1332920390150','{\"searchWithDialplanName\":false,\"searchWithStatus\":false,\"searchWithPrefix\":false,\"searchWithGatewayName\":false,\"superUser\":false,\"id\":81,\"dialplan_name\":\"admin_term_dialplan\",\"dialplan_description\":\"admin termination\",\"dialplan_enable\":1,\"dialplan_sched_type\":0,\"dialplan_sched_tod_on\":\"0000\",\"dialplan_sched_tod_off\":\"0000\",\"dialplan_sched_type_name\":\"No Schedule\",\"is_deleted\":1,\"client_id\":-1,\"parent_id\":0,\"dialplan_sched_tod_on_name\":\"00:00\",\"dialplan_sched_tod_off_name\":\"00:00\",\"onhour\":0,\"onmin\":0,\"offhour\":0,\"offmin\":0,\"dialplan_enable_name\":\"Active\",\"dialplan_gateway_list\":\"255;\",\"dialplan_gateway_list_array\":[255],\"dialplan_gateway_list_name\":\"* admin_term_gate\\u003cbr\\u003e\",\"dialplan_dnis_pattern\":\"880\",\"dialplan_ani_translate\":\"\",\"dialplan_dnis_translate\":\"^(.*)/00\\\\1\",\"dialplan_hunt_mode\":0,\"dialplan_hunt_mode_name\":\"No balancing\",\"dialplan_stat_enable\":0,\"dialplan_capacity\":0,\"dialplan_priority\":0,\"selectedIDs\":null,\"gateway_id\":null,\"gateway_name\":null,\"gateway_id_single\":0,\"gateway_name_single\":null,\"gateway_owner_id\":0}','dialpeer',0,1,'delete','admin_term_dialplan','admin'),(26,'1332920401590','{\"searchWithGatewayIP\":false,\"searchWithStatus\":false,\"searchWithType\":false,\"superUser\":false,\"id\":2,\"gateway_ip\":\"38.108.92.156\",\"gateway_name\":\"admin_term_gate\",\"gateway_status\":0,\"gateway_type\":1,\"gateway_status_name\":\"Active\",\"gateway_type_name\":\"Termination\",\"gateway_dst_port_h323\":1720,\"gateway_dst_port_sip\":5060,\"mvts_id\":0,\"mvts_name\":null,\"clientId\":9,\"client_name\":\"termclient\",\"client_balance\":0.0,\"selectedIDs\":null,\"switchGatewayId\":255,\"is_deleted\":1,\"parent_id\":0,\"owner_id\":-1}','gateway',0,1,'delete','admin_term_gate','admin'),(27,'1332920402079','{\"searchWithGatewayIP\":false,\"searchWithStatus\":false,\"searchWithType\":false,\"superUser\":false,\"id\":1,\"gateway_ip\":\"38.108.92.37\",\"gateway_name\":\"admin_org_gate\",\"gateway_status\":0,\"gateway_type\":0,\"gateway_status_name\":\"Active\",\"gateway_type_name\":\"Origination\",\"gateway_dst_port_h323\":0,\"gateway_dst_port_sip\":0,\"mvts_id\":0,\"mvts_name\":null,\"clientId\":7,\"client_name\":\"aaaa\",\"client_balance\":0.0,\"selectedIDs\":null,\"switchGatewayId\":254,\"is_deleted\":1,\"parent_id\":0,\"owner_id\":-1}','gateway',0,1,'delete','admin_org_gate','admin'),(28,'1332920456276','{\"searchWithClientID\":false,\"searchWithStatus\":false,\"searchWithType\":false,\"swParentId\":false,\"superUser\":false,\"client_status\":0,\"id\":6,\"client_id\":\"admindfsdf\",\"rateplan_id\":1,\"rateplan_name\":\"\\u003cspan class\\u003d\\\"base_rateplan\\\"\\u003eBase Rateplan\\u003c/span\\u003e\",\"client_password\":\"aaaaaa\",\"retypePassword\":null,\"client_name\":\"aaa\",\"client_email\":\"aaaa@email.com\",\"client_type\":0,\"client_status_name\":\"Active\",\"client_type_name\":\"Origination\",\"prefix\":\"\",\"incoming_prefix\":null,\"incoming_to\":null,\"outgoing_prefix\":null,\"outgoing_to\":null,\"selectedIDs\":null,\"client_credit_limit\":\"00.00\",\"client_balance\":\"00.00\",\"client_call_limit\":-1,\"is_deleted\":0,\"client_level\":1,\"client_level_str\":\"Client\",\"parent_id\":4,\"old_parent_id\":0,\"transaction_by\":0}','clients',0,1,'edit','admindfsdf','res_ash'),(29,'1332920522651','{\"searchWithClientID\":false,\"searchWithStatus\":false,\"searchWithType\":false,\"swParentId\":false,\"superUser\":false,\"client_status\":0,\"id\":6,\"client_id\":\"termination\",\"rateplan_id\":1,\"rateplan_name\":\"\\u003cspan class\\u003d\\\"base_rateplan\\\"\\u003eBase Rateplan\\u003c/span\\u003e\",\"client_password\":\"aaaaaa\",\"retypePassword\":null,\"client_name\":\"aaa\",\"client_email\":\"aaaa@email.com\",\"client_type\":1,\"client_status_name\":\"Active\",\"client_type_name\":\"Termination\",\"prefix\":\"\",\"incoming_prefix\":null,\"incoming_to\":null,\"outgoing_prefix\":null,\"outgoing_to\":null,\"selectedIDs\":null,\"client_credit_limit\":\"00.00\",\"client_balance\":\"00.00\",\"client_call_limit\":-1,\"is_deleted\":0,\"client_level\":1,\"client_level_str\":\"Client\",\"parent_id\":4,\"old_parent_id\":0,\"transaction_by\":0}','clients',0,1,'edit','termination','res_ash'),(30,'1332920540611','{\"searchWithClientID\":false,\"searchWithStatus\":false,\"searchWithType\":false,\"swParentId\":false,\"superUser\":false,\"client_status\":0,\"id\":5,\"client_id\":\"origination\",\"rateplan_id\":1,\"rateplan_name\":\"\\u003cspan class\\u003d\\\"base_rateplan\\\"\\u003eBase Rateplan\\u003c/span\\u003e\",\"client_password\":\"aaaaaa\",\"retypePassword\":null,\"client_name\":\"aaaaaa\",\"client_email\":\"aaaa@email.com\",\"client_type\":0,\"client_status_name\":\"Active\",\"client_type_name\":\"Origination\",\"prefix\":\"\",\"incoming_prefix\":null,\"incoming_to\":null,\"outgoing_prefix\":null,\"outgoing_to\":null,\"selectedIDs\":null,\"client_credit_limit\":\"00.00\",\"client_balance\":\"00.00\",\"client_call_limit\":-1,\"is_deleted\":0,\"client_level\":1,\"client_level_str\":\"Client\",\"parent_id\":4,\"old_parent_id\":0,\"transaction_by\":0}','clients',0,1,'edit','origination','res_ash'),(31,'1332920566860','{\"searchWithGatewayIP\":false,\"searchWithStatus\":false,\"searchWithType\":false,\"superUser\":false,\"id\":3,\"gateway_ip\":\"38.108.92.37\",\"gateway_name\":\"res_org\",\"gateway_status\":0,\"gateway_type\":0,\"gateway_status_name\":\"Active\",\"gateway_type_name\":\"Origination\",\"gateway_dst_port_h323\":0,\"gateway_dst_port_sip\":0,\"mvts_id\":0,\"mvts_name\":null,\"clientId\":5,\"client_name\":\"origination\",\"client_balance\":0.0,\"selectedIDs\":null,\"switchGatewayId\":256,\"is_deleted\":0,\"parent_id\":0,\"owner_id\":4}','gateway',0,1,'add','res_org','res_ash'),(32,'1332920587645','{\"searchWithGatewayIP\":false,\"searchWithStatus\":false,\"searchWithType\":false,\"superUser\":false,\"id\":4,\"gateway_ip\":\"38.108.92.156\",\"gateway_name\":\"res_term\",\"gateway_status\":0,\"gateway_type\":1,\"gateway_status_name\":\"Active\",\"gateway_type_name\":\"Termination\",\"gateway_dst_port_h323\":1720,\"gateway_dst_port_sip\":5060,\"mvts_id\":0,\"mvts_name\":null,\"clientId\":6,\"client_name\":\"termination\",\"client_balance\":0.0,\"selectedIDs\":null,\"switchGatewayId\":257,\"is_deleted\":0,\"parent_id\":0,\"owner_id\":4}','gateway',0,1,'add','res_term','res_ash'),(33,'1332920612612','{\"searchWithDialplanName\":false,\"searchWithStatus\":false,\"searchWithPrefix\":false,\"searchWithGatewayName\":false,\"superUser\":false,\"id\":82,\"dialplan_name\":\"test\",\"dialplan_description\":\"res termination\",\"dialplan_enable\":1,\"dialplan_sched_type\":0,\"dialplan_sched_tod_on\":\"0000\",\"dialplan_sched_tod_off\":\"0000\",\"dialplan_sched_type_name\":\"No Schedule\",\"is_deleted\":0,\"client_id\":4,\"parent_id\":0,\"dialplan_sched_tod_on_name\":\"00:00\",\"dialplan_sched_tod_off_name\":\"00:00\",\"onhour\":0,\"onmin\":0,\"offhour\":0,\"offmin\":0,\"dialplan_enable_name\":\"Active\",\"dialplan_gateway_list\":\"257;\",\"dialplan_gateway_list_array\":[257],\"dialplan_gateway_list_name\":\"* res_term\\u003cbr\\u003e\",\"dialplan_dnis_pattern\":\"880\",\"dialplan_ani_translate\":\"\",\"dialplan_dnis_translate\":\"^(.*)/00\\\\1\",\"dialplan_hunt_mode\":0,\"dialplan_hunt_mode_name\":\"No balancing\",\"dialplan_stat_enable\":0,\"dialplan_capacity\":0,\"dialplan_priority\":0,\"selectedIDs\":null,\"gateway_id\":null,\"gateway_name\":null,\"gateway_id_single\":0,\"gateway_name_single\":null,\"gateway_owner_id\":0}','dialpeer',0,1,'add','test','res_ash'),(34,'1332920683357','{\"searchWithClientID\":false,\"searchWithStatus\":false,\"searchWithType\":false,\"swParentId\":false,\"superUser\":false,\"client_status\":0,\"id\":4,\"client_id\":\"res_ash\",\"rateplan_id\":1,\"rateplan_name\":\"\\u003cspan class\\u003d\\\"base_rateplan\\\"\\u003eBase Rateplan\\u003c/span\\u003e\",\"client_password\":\"aaaaaa\",\"retypePassword\":null,\"client_name\":\"aaaaa\",\"client_email\":\"aaaa@email.com\",\"client_type\":0,\"client_status_name\":\"Active\",\"client_type_name\":\"Origination\",\"prefix\":\"\",\"incoming_prefix\":null,\"incoming_to\":null,\"outgoing_prefix\":null,\"outgoing_to\":null,\"selectedIDs\":null,\"client_credit_limit\":\"00.00\",\"client_balance\":\"500.00\",\"client_call_limit\":-1,\"is_deleted\":0,\"client_level\":2,\"client_level_str\":\"Reseller\",\"parent_id\":-1,\"old_parent_id\":0,\"transaction_by\":0}','clients',0,1,'edit','res_ash','admin'),(35,'1332920703938','{\"searchWithClientID\":false,\"searchWithStatus\":false,\"searchWithType\":false,\"swParentId\":false,\"superUser\":false,\"client_status\":0,\"id\":6,\"client_id\":\"termination\",\"rateplan_id\":1,\"rateplan_name\":\"\\u003cspan class\\u003d\\\"base_rateplan\\\"\\u003eBase Rateplan\\u003c/span\\u003e\",\"client_password\":\"aaaaaa\",\"retypePassword\":null,\"client_name\":\"aaa\",\"client_email\":\"aaaa@email.com\",\"client_type\":1,\"client_status_name\":\"Active\",\"client_type_name\":\"Termination\",\"prefix\":\"\",\"incoming_prefix\":null,\"incoming_to\":null,\"outgoing_prefix\":null,\"outgoing_to\":null,\"selectedIDs\":null,\"client_credit_limit\":\"00.00\",\"client_balance\":\"100.00\",\"client_call_limit\":-1,\"is_deleted\":0,\"client_level\":1,\"client_level_str\":\"Client\",\"parent_id\":4,\"old_parent_id\":0,\"transaction_by\":0}','clients',0,1,'edit','termination','res_ash'),(36,'1332920704542','{\"searchWithClientID\":false,\"searchWithStatus\":false,\"searchWithType\":false,\"swParentId\":false,\"superUser\":false,\"client_status\":0,\"id\":5,\"client_id\":\"origination\",\"rateplan_id\":1,\"rateplan_name\":\"\\u003cspan class\\u003d\\\"base_rateplan\\\"\\u003eBase Rateplan\\u003c/span\\u003e\",\"client_password\":\"aaaaaa\",\"retypePassword\":null,\"client_name\":\"aaaaaa\",\"client_email\":\"aaaa@email.com\",\"client_type\":0,\"client_status_name\":\"Active\",\"client_type_name\":\"Origination\",\"prefix\":\"\",\"incoming_prefix\":null,\"incoming_to\":null,\"outgoing_prefix\":null,\"outgoing_to\":null,\"selectedIDs\":null,\"client_credit_limit\":\"00.00\",\"client_balance\":\"50.00\",\"client_call_limit\":-1,\"is_deleted\":0,\"client_level\":1,\"client_level_str\":\"Client\",\"parent_id\":4,\"old_parent_id\":0,\"transaction_by\":0}','clients',0,1,'edit','origination','res_ash'),(37,'1332891148844','{\"searchWithClientID\":false,\"searchWithStatus\":false,\"searchWithType\":false,\"swParentId\":false,\"superUser\":false,\"client_status\":0,\"id\":3,\"client_id\":\"subtest\",\"rateplan_id\":1,\"rateplan_name\":\"Orgrate\",\"client_password\":\"123456\",\"retypePassword\":null,\"client_name\":\"\",\"client_email\":\"subrata@ipvisionbd.com\",\"client_type\":0,\"client_status_name\":\"Active\",\"client_type_name\":\"Origination\",\"prefix\":\"\",\"incoming_prefix\":null,\"incoming_to\":null,\"outgoing_prefix\":null,\"outgoing_to\":null,\"selectedIDs\":null,\"client_credit_limit\":\"00.00\",\"client_balance\":\"00.00\",\"client_call_limit\":-1,\"is_deleted\":0,\"client_level\":2,\"client_level_str\":\"Reseller\",\"parent_id\":2,\"old_parent_id\":0,\"transaction_by\":0}','clients',0,1,'edit','subtest','admin'),(38,'1332965575196','{\"searchWithClientID\":false,\"searchWithStatus\":false,\"searchWithType\":false,\"swParentId\":false,\"superUser\":false,\"client_status\":0,\"id\":9,\"client_id\":\"termclient\",\"rateplan_id\":2,\"rateplan_name\":\"Termrate\",\"client_password\":\"aaaaaa\",\"retypePassword\":null,\"client_name\":\"aaaaa\",\"client_email\":\"aaaa@email.com\",\"client_type\":1,\"client_status_name\":\"Active\",\"client_type_name\":\"Termination\",\"prefix\":\"\",\"incoming_prefix\":null,\"incoming_to\":null,\"outgoing_prefix\":null,\"outgoing_to\":null,\"selectedIDs\":null,\"client_credit_limit\":\"00.00\",\"client_balance\":\"100.00\",\"client_call_limit\":-1,\"is_deleted\":1,\"client_level\":1,\"client_level_str\":\"Client\",\"parent_id\":-1,\"old_parent_id\":0,\"transaction_by\":0}','clients',0,1,'delete','termclient','admin'),(39,'1332965575197','{\"searchWithClientID\":false,\"searchWithStatus\":false,\"searchWithType\":false,\"swParentId\":false,\"superUser\":false,\"client_status\":0,\"id\":8,\"client_id\":\"res_ash1\",\"rateplan_id\":1,\"rateplan_name\":\"Orgrate\",\"client_password\":\"aaaaaa\",\"retypePassword\":null,\"client_name\":\"aaa\",\"client_email\":\"aaaa@email.com\",\"client_type\":0,\"client_status_name\":\"Active\",\"client_type_name\":\"Origination\",\"prefix\":\"123\",\"incoming_prefix\":null,\"incoming_to\":null,\"outgoing_prefix\":null,\"outgoing_to\":null,\"selectedIDs\":null,\"client_credit_limit\":\"00.00\",\"client_balance\":\"00.00\",\"client_call_limit\":-1,\"is_deleted\":1,\"client_level\":2,\"client_level_str\":\"Reseller\",\"parent_id\":-1,\"old_parent_id\":0,\"transaction_by\":0}','clients',0,1,'delete','res_ash1','admin'),(40,'1332965575199','{\"searchWithClientID\":false,\"searchWithStatus\":false,\"searchWithType\":false,\"swParentId\":false,\"superUser\":false,\"client_status\":0,\"id\":7,\"client_id\":\"aaaa\",\"rateplan_id\":1,\"rateplan_name\":\"Orgrate\",\"client_password\":\"aaaaaa\",\"retypePassword\":null,\"client_name\":\"aaaaaa\",\"client_email\":\"aaaa@email.com\",\"client_type\":0,\"client_status_name\":\"Active\",\"client_type_name\":\"Origination\",\"prefix\":\"\",\"incoming_prefix\":null,\"incoming_to\":null,\"outgoing_prefix\":null,\"outgoing_to\":null,\"selectedIDs\":null,\"client_credit_limit\":\"00.00\",\"client_balance\":\"100.00\",\"client_call_limit\":-1,\"is_deleted\":1,\"client_level\":1,\"client_level_str\":\"Client\",\"parent_id\":-1,\"old_parent_id\":0,\"transaction_by\":0}','clients',0,1,'delete','aaaa','admin'),(41,'1332967554300','{\"searchWithClientID\":false,\"searchWithStatus\":false,\"searchWithType\":false,\"swParentId\":false,\"superUser\":false,\"client_status\":0,\"id\":3,\"client_id\":\"subtest\",\"rateplan_id\":1,\"rateplan_name\":\"Orgrate\",\"client_password\":\"123456\",\"retypePassword\":null,\"client_name\":\"\",\"client_email\":\"subrata@ipvisionbd.com\",\"client_type\":0,\"client_status_name\":\"Active\",\"client_type_name\":\"Origination\",\"prefix\":\"\",\"incoming_prefix\":null,\"incoming_to\":null,\"outgoing_prefix\":null,\"outgoing_to\":null,\"selectedIDs\":null,\"client_credit_limit\":\"00.00\",\"client_balance\":\"00.00\",\"client_call_limit\":-1,\"is_deleted\":1,\"client_level\":2,\"client_level_str\":\"Reseller\",\"parent_id\":2,\"old_parent_id\":0,\"transaction_by\":0}','clients',0,1,'delete','subtest','admin'),(42,'1332967563745','{\"searchWithClientID\":false,\"searchWithStatus\":false,\"searchWithType\":false,\"swParentId\":false,\"superUser\":false,\"client_status\":0,\"id\":2,\"client_id\":\"resub1\",\"rateplan_id\":1,\"rateplan_name\":\"Orgrate\",\"client_password\":\"123456\",\"retypePassword\":null,\"client_name\":\"\",\"client_email\":\"subrata@ipvisionbd.com\",\"client_type\":0,\"client_status_name\":\"Active\",\"client_type_name\":\"Origination\",\"prefix\":\"\",\"incoming_prefix\":null,\"incoming_to\":null,\"outgoing_prefix\":null,\"outgoing_to\":null,\"selectedIDs\":null,\"client_credit_limit\":\"00.00\",\"client_balance\":\"00.00\",\"client_call_limit\":-1,\"is_deleted\":1,\"client_level\":2,\"client_level_str\":\"Reseller\",\"parent_id\":1,\"old_parent_id\":0,\"transaction_by\":0}','clients',0,1,'delete','resub1','admin'),(43,'1332967572846','{\"searchWithClientID\":false,\"searchWithStatus\":false,\"searchWithType\":false,\"swParentId\":false,\"superUser\":false,\"client_status\":0,\"id\":1,\"client_id\":\"resub\",\"rateplan_id\":1,\"rateplan_name\":\"Orgrate\",\"client_password\":\"123456\",\"retypePassword\":null,\"client_name\":\"\",\"client_email\":\"subrata@ipvisionbd.com\",\"client_type\":0,\"client_status_name\":\"Active\",\"client_type_name\":\"Origination\",\"prefix\":\"\",\"incoming_prefix\":null,\"incoming_to\":null,\"outgoing_prefix\":null,\"outgoing_to\":null,\"selectedIDs\":null,\"client_credit_limit\":\"00.00\",\"client_balance\":\"00.00\",\"client_call_limit\":-1,\"is_deleted\":1,\"client_level\":2,\"client_level_str\":\"Reseller\",\"parent_id\":-1,\"old_parent_id\":0,\"transaction_by\":0}','clients',0,1,'delete','resub','admin'),(44,'1332976339049','{\"searchWithClientID\":false,\"searchWithStatus\":false,\"searchWithType\":false,\"swParentId\":false,\"superUser\":false,\"client_status\":0,\"id\":10,\"client_id\":\"visiontel\",\"rateplan_id\":1,\"rateplan_name\":\"Orgrate\",\"client_password\":\"123456\",\"retypePassword\":null,\"client_name\":\"\",\"client_email\":\"subrata@ipvisionbd.com\",\"client_type\":0,\"client_status_name\":\"Active\",\"client_type_name\":\"Origination\",\"prefix\":\"\",\"incoming_prefix\":null,\"incoming_to\":null,\"outgoing_prefix\":null,\"outgoing_to\":null,\"selectedIDs\":null,\"client_credit_limit\":\"00.00\",\"client_balance\":\"00.00\",\"client_call_limit\":-1,\"is_deleted\":0,\"client_level\":1,\"client_level_str\":\"Client\",\"parent_id\":-1,\"old_parent_id\":0,\"transaction_by\":0}','clients',0,1,'add','visiontel','admin'),(45,'1332976463775','{\"searchWithClientID\":false,\"searchWithStatus\":false,\"searchWithType\":false,\"swParentId\":false,\"superUser\":false,\"client_status\":0,\"id\":11,\"client_id\":\"IPvision\",\"rateplan_id\":1,\"rateplan_name\":\"Orgrate\",\"client_password\":\"123456\",\"retypePassword\":null,\"client_name\":\"\",\"client_email\":\"subrata@ipvisionbd.com\",\"client_type\":0,\"client_status_name\":\"Active\",\"client_type_name\":\"Origination\",\"prefix\":\"\",\"incoming_prefix\":null,\"incoming_to\":null,\"outgoing_prefix\":null,\"outgoing_to\":null,\"selectedIDs\":null,\"client_credit_limit\":\"00.00\",\"client_balance\":\"00.00\",\"client_call_limit\":-1,\"is_deleted\":0,\"client_level\":2,\"client_level_str\":\"Reseller\",\"parent_id\":-1,\"old_parent_id\":0,\"transaction_by\":0}','clients',0,1,'add','IPvision','admin'),(46,'1332976593737','{\"searchWithClientID\":false,\"searchWithStatus\":false,\"searchWithType\":false,\"swParentId\":false,\"superUser\":false,\"client_status\":0,\"id\":12,\"client_id\":\"VISION2\",\"rateplan_id\":1,\"rateplan_name\":\"Orgrate\",\"client_password\":\"123456\",\"retypePassword\":null,\"client_name\":\"\",\"client_email\":\"subrata@ipvisionbd.com\",\"client_type\":0,\"client_status_name\":\"Active\",\"client_type_name\":\"Origination\",\"prefix\":\"\",\"incoming_prefix\":null,\"incoming_to\":null,\"outgoing_prefix\":null,\"outgoing_to\":null,\"selectedIDs\":null,\"client_credit_limit\":\"00.00\",\"client_balance\":\"00.00\",\"client_call_limit\":-1,\"is_deleted\":0,\"client_level\":1,\"client_level_str\":\"Client\",\"parent_id\":11,\"old_parent_id\":0,\"transaction_by\":0}','clients',0,1,'add','VISION2','admin'),(47,'1332977869150','{\"searchWithGatewayIP\":false,\"searchWithStatus\":false,\"searchWithType\":false,\"superUser\":false,\"id\":5,\"gateway_ip\":\"38.108.92.38\",\"gateway_name\":\"v38\",\"gateway_status\":0,\"gateway_type\":0,\"gateway_status_name\":\"Active\",\"gateway_type_name\":\"Origination\",\"gateway_dst_port_h323\":0,\"gateway_dst_port_sip\":0,\"mvts_id\":0,\"mvts_name\":null,\"clientId\":10,\"client_name\":\"visiontel\",\"client_balance\":0.0,\"selectedIDs\":null,\"switchGatewayId\":258,\"is_deleted\":0,\"parent_id\":0,\"owner_id\":-1}','gateway',0,1,'add','v38','admin'),(48,'1332978195689','{\"searchWithGatewayIP\":false,\"searchWithStatus\":false,\"searchWithType\":false,\"superUser\":false,\"id\":6,\"gateway_ip\":\"38.108.92.76\",\"gateway_name\":\"vision76\",\"gateway_status\":0,\"gateway_type\":0,\"gateway_status_name\":\"Active\",\"gateway_type_name\":\"Origination\",\"gateway_dst_port_h323\":0,\"gateway_dst_port_sip\":0,\"mvts_id\":0,\"mvts_name\":null,\"clientId\":12,\"client_name\":\"VISION2\",\"client_balance\":0.0,\"selectedIDs\":null,\"switchGatewayId\":259,\"is_deleted\":0,\"parent_id\":0,\"owner_id\":11}','gateway',0,1,'add','vision76','IPvision'),(49,'1332982951562','{\"searchWithClientID\":false,\"searchWithStatus\":false,\"searchWithType\":false,\"swParentId\":false,\"superUser\":false,\"client_status\":0,\"id\":12,\"client_id\":\"VISION2\",\"rateplan_id\":1,\"rateplan_name\":\"Orgrate\",\"client_password\":\"123456\",\"retypePassword\":null,\"client_name\":\"\",\"client_email\":\"subrata@ipvisionbd.com\",\"client_type\":0,\"client_status_name\":\"Active\",\"client_type_name\":\"Origination\",\"prefix\":\"\",\"incoming_prefix\":null,\"incoming_to\":null,\"outgoing_prefix\":null,\"outgoing_to\":null,\"selectedIDs\":null,\"client_credit_limit\":\"500.00\",\"client_balance\":\"00.00\",\"client_call_limit\":-1,\"is_deleted\":0,\"client_level\":1,\"client_level_str\":\"Client\",\"parent_id\":11,\"old_parent_id\":0,\"transaction_by\":0}','clients',0,1,'edit','VISION2','admin'),(50,'1332982996554','{\"searchWithClientID\":false,\"searchWithStatus\":false,\"searchWithType\":false,\"swParentId\":false,\"superUser\":false,\"client_status\":0,\"id\":12,\"client_id\":\"VISION2\",\"rateplan_id\":1,\"rateplan_name\":\"\\u003cspan class\\u003d\\\"base_rateplan\\\"\\u003eBase Rateplan\\u003c/span\\u003e\",\"client_password\":\"123456\",\"retypePassword\":null,\"client_name\":\"\",\"client_email\":\"subrata@ipvisionbd.com\",\"client_type\":0,\"client_status_name\":\"Active\",\"client_type_name\":\"Origination\",\"prefix\":\"\",\"incoming_prefix\":null,\"incoming_to\":null,\"outgoing_prefix\":null,\"outgoing_to\":null,\"selectedIDs\":null,\"client_credit_limit\":\"1000.00\",\"client_balance\":\"00.00\",\"client_call_limit\":-1,\"is_deleted\":0,\"client_level\":1,\"client_level_str\":\"Client\",\"parent_id\":11,\"old_parent_id\":0,\"transaction_by\":0}','clients',0,1,'edit','VISION2','IPvision'),(51,'1332983016393','{\"searchWithClientID\":false,\"searchWithStatus\":false,\"searchWithType\":false,\"swParentId\":false,\"superUser\":false,\"client_status\":0,\"id\":12,\"client_id\":\"VISION2\",\"rateplan_id\":1,\"rateplan_name\":\"\\u003cspan class\\u003d\\\"base_rateplan\\\"\\u003eBase Rateplan\\u003c/span\\u003e\",\"client_password\":\"123456\",\"retypePassword\":null,\"client_name\":\"\",\"client_email\":\"subrata@ipvisionbd.com\",\"client_type\":0,\"client_status_name\":\"Active\",\"client_type_name\":\"Origination\",\"prefix\":\"\",\"incoming_prefix\":null,\"incoming_to\":null,\"outgoing_prefix\":null,\"outgoing_to\":null,\"selectedIDs\":null,\"client_credit_limit\":\"1000.00\",\"client_balance\":\"00.00\",\"client_call_limit\":-1,\"is_deleted\":0,\"client_level\":1,\"client_level_str\":\"Client\",\"parent_id\":11,\"old_parent_id\":0,\"transaction_by\":0}','clients',0,1,'edit','VISION2','IPvision'),(52,'1332983255423','{\"searchWithClientID\":false,\"searchWithStatus\":false,\"searchWithType\":false,\"swParentId\":false,\"superUser\":false,\"client_status\":2,\"id\":12,\"client_id\":\"VISION2\",\"rateplan_id\":1,\"rateplan_name\":\"\\u003cspan class\\u003d\\\"base_rateplan\\\"\\u003eBase Rateplan\\u003c/span\\u003e\",\"client_password\":\"123456\",\"retypePassword\":null,\"client_name\":\"\",\"client_email\":\"subrata@ipvisionbd.com\",\"client_type\":0,\"client_status_name\":\"Block\",\"client_type_name\":\"Origination\",\"prefix\":\"\",\"incoming_prefix\":null,\"incoming_to\":null,\"outgoing_prefix\":null,\"outgoing_to\":null,\"selectedIDs\":null,\"client_credit_limit\":\"1000.00\",\"client_balance\":\"00.00\",\"client_call_limit\":-1,\"is_deleted\":0,\"client_level\":1,\"client_level_str\":\"Client\",\"parent_id\":11,\"old_parent_id\":0,\"transaction_by\":0}','clients',0,1,'edit','VISION2','IPvision'),(53,'1332984468107','{\"searchWithClientID\":false,\"searchWithStatus\":false,\"searchWithType\":false,\"swParentId\":false,\"superUser\":false,\"client_status\":0,\"id\":12,\"client_id\":\"VISION2\",\"rateplan_id\":1,\"rateplan_name\":\"\\u003cspan class\\u003d\\\"base_rateplan\\\"\\u003eBase Rateplan\\u003c/span\\u003e\",\"client_password\":\"123456\",\"retypePassword\":null,\"client_name\":\"\",\"client_email\":\"subrata@ipvisionbd.com\",\"client_type\":0,\"client_status_name\":\"Active\",\"client_type_name\":\"Origination\",\"prefix\":\"\",\"incoming_prefix\":null,\"incoming_to\":null,\"outgoing_prefix\":null,\"outgoing_to\":null,\"selectedIDs\":null,\"client_credit_limit\":\"1000.00\",\"client_balance\":\"00.00\",\"client_call_limit\":-1,\"is_deleted\":0,\"client_level\":1,\"client_level_str\":\"Client\",\"parent_id\":11,\"old_parent_id\":0,\"transaction_by\":0}','clients',0,1,'edit','VISION2','IPvision'),(54,'1332984495089','{\"searchWithClientID\":false,\"searchWithStatus\":false,\"searchWithType\":false,\"swParentId\":false,\"superUser\":false,\"client_status\":0,\"id\":11,\"client_id\":\"IPvision\",\"rateplan_id\":1,\"rateplan_name\":\"\\u003cspan class\\u003d\\\"base_rateplan\\\"\\u003eBase Rateplan\\u003c/span\\u003e\",\"client_password\":\"123456\",\"retypePassword\":null,\"client_name\":\"\",\"client_email\":\"subrata@ipvisionbd.com\",\"client_type\":0,\"client_status_name\":\"Active\",\"client_type_name\":\"Origination\",\"prefix\":\"\",\"incoming_prefix\":null,\"incoming_to\":null,\"outgoing_prefix\":null,\"outgoing_to\":null,\"selectedIDs\":null,\"client_credit_limit\":\"00.00\",\"client_balance\":\"500.00\",\"client_call_limit\":-1,\"is_deleted\":0,\"client_level\":2,\"client_level_str\":\"Reseller\",\"parent_id\":-1,\"old_parent_id\":0,\"transaction_by\":0}','clients',0,1,'edit','IPvision','admin'),(55,'1332984834683','{\"searchWithClientID\":false,\"searchWithStatus\":false,\"searchWithType\":false,\"swParentId\":false,\"superUser\":false,\"client_status\":0,\"id\":12,\"client_id\":\"VISION2\",\"rateplan_id\":1,\"rateplan_name\":\"\\u003cspan class\\u003d\\\"base_rateplan\\\"\\u003eBase Rateplan\\u003c/span\\u003e\",\"client_password\":\"123456\",\"retypePassword\":null,\"client_name\":\"\",\"client_email\":\"subrata@ipvisionbd.com\",\"client_type\":0,\"client_status_name\":\"Active\",\"client_type_name\":\"Origination\",\"prefix\":\"\",\"incoming_prefix\":null,\"incoming_to\":null,\"outgoing_prefix\":null,\"outgoing_to\":null,\"selectedIDs\":null,\"client_credit_limit\":\"1000.00\",\"client_balance\":\"500.00\",\"client_call_limit\":-1,\"is_deleted\":0,\"client_level\":1,\"client_level_str\":\"Client\",\"parent_id\":11,\"old_parent_id\":0,\"transaction_by\":0}','clients',0,1,'edit','VISION2','IPvision'),(56,'1333249184035','{\"searchWithClientID\":false,\"searchWithStatus\":false,\"searchWithType\":false,\"swParentId\":false,\"superUser\":false,\"client_status\":0,\"id\":4,\"client_id\":\"res_ash\",\"rateplan_id\":1,\"rateplan_name\":\"Orgrate\",\"client_password\":\"123456\",\"retypePassword\":null,\"client_name\":\"aaaaa\",\"client_email\":\"aaaa@email.com\",\"client_type\":0,\"client_status_name\":\"Active\",\"client_type_name\":\"Origination\",\"prefix\":\"\",\"incoming_prefix\":null,\"incoming_to\":null,\"outgoing_prefix\":null,\"outgoing_to\":null,\"selectedIDs\":null,\"client_credit_limit\":\"00.00\",\"client_balance\":\"350.00\",\"client_call_limit\":-1,\"is_deleted\":0,\"client_level\":2,\"client_level_str\":\"Reseller\",\"parent_id\":-1,\"old_parent_id\":0,\"transaction_by\":0}','clients',0,1,'edit','res_ash','admin'),(57,'1333249556053','{\"searchWithDialplanName\":false,\"searchWithStatus\":false,\"searchWithPrefix\":false,\"searchWithGatewayName\":false,\"superUser\":false,\"id\":82,\"dialplan_name\":\"test\",\"dialplan_description\":\"res termination\",\"dialplan_enable\":1,\"dialplan_sched_type\":0,\"dialplan_sched_tod_on\":\"0000\",\"dialplan_sched_tod_off\":\"0000\",\"dialplan_sched_type_name\":\"No Schedule\",\"is_deleted\":0,\"client_id\":4,\"parent_id\":0,\"dialplan_sched_tod_on_name\":\"00:00\",\"dialplan_sched_tod_off_name\":\"00:00\",\"onhour\":0,\"onmin\":0,\"offhour\":0,\"offmin\":0,\"dialplan_enable_name\":\"Active\",\"dialplan_gateway_list\":\"257;\",\"dialplan_gateway_list_array\":[257],\"dialplan_gateway_list_name\":\"* res_term\\u003cbr\\u003e\",\"dialplan_dnis_pattern\":\"880\",\"dialplan_ani_translate\":\"\",\"dialplan_dnis_translate\":\"^(.*)/00\\\\1\",\"dialplan_hunt_mode\":3,\"dialplan_hunt_mode_name\":\"Balancing by load capacity ratio\",\"dialplan_stat_enable\":0,\"dialplan_capacity\":0,\"dialplan_priority\":0,\"selectedIDs\":null,\"gateway_id\":null,\"gateway_name\":null,\"gateway_id_single\":0,\"gateway_name_single\":null,\"gateway_owner_id\":0}','dialpeer',0,1,'edit','test','res_ash'),(58,'1333336058797','{\"searchWithName\":false,\"rateplan_id\":2,\"rateplan_name\":\"Termrate\",\"rateplan_des\":\"BuyRate\",\"rateplan_firstpulse\":0,\"rateplan_pulse\":0,\"rateplan_status\":0,\"rateplan_statusname\":\"Active\",\"rateplan_date\":1332815849329,\"rateplan_create_date\":\"27/03/2012 08:37:29 AM\",\"user_id\":-1,\"user_name\":\"admin\",\"rateplanList\":null,\"is_deleted\":1,\"client_id\":-1}','rateplan',0,1,'delete','Termrate','admin'),(59,'1333336058798','{\"searchWithName\":false,\"rateplan_id\":1,\"rateplan_name\":\"Orgrate\",\"rateplan_des\":\"SellRate\",\"rateplan_firstpulse\":0,\"rateplan_pulse\":0,\"rateplan_status\":0,\"rateplan_statusname\":\"Active\",\"rateplan_date\":1332814650079,\"rateplan_create_date\":\"27/03/2012 08:17:30 AM\",\"user_id\":-1,\"user_name\":\"admin\",\"rateplanList\":null,\"is_deleted\":1,\"client_id\":-1}','rateplan',0,1,'delete','Orgrate','admin'),(60,'1333336418162','{\"searchWithPrefixName\":false,\"rateplan_id\":1,\"id\":1,\"rate_id\":37,\"rate_destination_code\":\"00880\",\"rate_destination_name\":\"BD Prime\",\"rate_per_min\":0.035,\"rate_first_pulse\":1,\"rate_next_pulse\":1,\"rate_grace_period\":0,\"rate_failed_period\":0,\"rate_status\":0,\"rate_statusname\":\"Active\",\"rate_date\":1332814948398,\"rate_created_date\":\"27/03/2012 08:22:28 AM\",\"rate_day\":null,\"rate_fromhour\":null,\"rate_frommin\":null,\"rate_tohour\":null,\"rate_tomin\":null,\"rate_sin_day\":-1,\"rate_sin_fromhour\":0,\"rate_sin_frommin\":0,\"rate_sin_tohour\":23,\"rate_sin_tomin\":59,\"ids\":null,\"startingRow\":0,\"limit\":0,\"doSearch\":null,\"sortItem\":0,\"sortOrder\":0,\"is_deleted\":1,\"ratePerMin\":null,\"firstPulse\":null,\"nextPulse\":null,\"gracePeriod\":null,\"failedPeriod\":null,\"formated_time_frame\":null}','rate',0,1,'delete','00880','res_ash'),(61,'1333336418164','{\"searchWithPrefixName\":false,\"rateplan_id\":1,\"id\":4,\"rate_id\":40,\"rate_destination_code\":\"880\",\"rate_destination_name\":\"BD WHITEsdfsad\",\"rate_per_min\":0.0020,\"rate_first_pulse\":1,\"rate_next_pulse\":1,\"rate_grace_period\":0,\"rate_failed_period\":0,\"rate_status\":0,\"rate_statusname\":\"Active\",\"rate_date\":1332919830584,\"rate_created_date\":\"28/03/2012 01:30:30 PM\",\"rate_day\":null,\"rate_fromhour\":null,\"rate_frommin\":null,\"rate_tohour\":null,\"rate_tomin\":null,\"rate_sin_day\":-1,\"rate_sin_fromhour\":0,\"rate_sin_frommin\":0,\"rate_sin_tohour\":23,\"rate_sin_tomin\":59,\"ids\":null,\"startingRow\":0,\"limit\":0,\"doSearch\":null,\"sortItem\":0,\"sortOrder\":0,\"is_deleted\":1,\"ratePerMin\":null,\"firstPulse\":null,\"nextPulse\":null,\"gracePeriod\":null,\"failedPeriod\":null,\"formated_time_frame\":null}','rate',0,1,'delete','880','res_ash'),(62,'1333336482426','{\"searchWithName\":false,\"rateplan_id\":1,\"rateplan_name\":\"\\u003cspan class\\u003d\\\"base_rateplan\\\"\\u003eBase Rateplan\\u003c/span\\u003e\",\"rateplan_des\":\"SellRate\",\"rateplan_firstpulse\":0,\"rateplan_pulse\":0,\"rateplan_status\":0,\"rateplan_statusname\":\"Active\",\"rateplan_date\":1332814650079,\"rateplan_create_date\":\"27/03/2012 08:17:30 AM\",\"user_id\":-1,\"user_name\":\"admin\",\"rateplanList\":null,\"is_deleted\":1,\"client_id\":-1}','rateplan',0,1,'delete','<span class=\"base_rateplan\">Base Rateplan</span>','res_ash'),(63,'1333336926232','{\"searchWithPrefixName\":false,\"rateplan_id\":1,\"id\":5,\"rate_id\":41,\"rate_destination_code\":\"880\",\"rate_destination_name\":\"BD Prime\",\"rate_per_min\":0.0,\"rate_first_pulse\":1,\"rate_next_pulse\":1,\"rate_grace_period\":0,\"rate_failed_period\":0,\"rate_status\":0,\"rate_statusname\":\"Active\",\"rate_date\":1333336926230,\"rate_created_date\":\"02/04/2012 09:22:06 AM\",\"rate_day\":null,\"rate_fromhour\":null,\"rate_frommin\":null,\"rate_tohour\":null,\"rate_tomin\":null,\"rate_sin_day\":-1,\"rate_sin_fromhour\":0,\"rate_sin_frommin\":0,\"rate_sin_tohour\":23,\"rate_sin_tomin\":59,\"ids\":null,\"startingRow\":0,\"limit\":0,\"doSearch\":null,\"sortItem\":0,\"sortOrder\":0,\"is_deleted\":0,\"ratePerMin\":null,\"firstPulse\":null,\"nextPulse\":null,\"gracePeriod\":null,\"failedPeriod\":null,\"formated_time_frame\":null}','rate',0,1,'add','880','admin'),(64,'1333337056143','{\"searchWithPrefixName\":false,\"rateplan_id\":1,\"id\":6,\"rate_id\":41,\"rate_destination_code\":\"880\",\"rate_destination_name\":\"BD Prime\",\"rate_per_min\":0.035,\"rate_first_pulse\":1,\"rate_next_pulse\":1,\"rate_grace_period\":0,\"rate_failed_period\":0,\"rate_status\":0,\"rate_statusname\":\"Active\",\"rate_date\":1333337056141,\"rate_created_date\":\"02/04/2012 09:24:16 AM\",\"rate_day\":null,\"rate_fromhour\":null,\"rate_frommin\":null,\"rate_tohour\":null,\"rate_tomin\":null,\"rate_sin_day\":-1,\"rate_sin_fromhour\":0,\"rate_sin_frommin\":0,\"rate_sin_tohour\":23,\"rate_sin_tomin\":59,\"ids\":null,\"startingRow\":0,\"limit\":0,\"doSearch\":null,\"sortItem\":0,\"sortOrder\":0,\"is_deleted\":0,\"ratePerMin\":null,\"firstPulse\":null,\"nextPulse\":null,\"gracePeriod\":null,\"failedPeriod\":null,\"formated_time_frame\":null}','rate',0,1,'edit','880','admin'),(65,'1333337107255','{\"searchWithPrefixName\":false,\"rateplan_id\":1,\"id\":7,\"rate_id\":41,\"rate_destination_code\":\"880\",\"rate_destination_name\":\"BD Prime\",\"rate_per_min\":0.035,\"rate_first_pulse\":1,\"rate_next_pulse\":1,\"rate_grace_period\":0,\"rate_failed_period\":0,\"rate_status\":0,\"rate_statusname\":\"Active\",\"rate_date\":1333337107253,\"rate_created_date\":\"02/04/2012 09:25:07 AM\",\"rate_day\":null,\"rate_fromhour\":null,\"rate_frommin\":null,\"rate_tohour\":null,\"rate_tomin\":null,\"rate_sin_day\":-1,\"rate_sin_fromhour\":0,\"rate_sin_frommin\":0,\"rate_sin_tohour\":23,\"rate_sin_tomin\":59,\"ids\":null,\"startingRow\":0,\"limit\":0,\"doSearch\":null,\"sortItem\":0,\"sortOrder\":0,\"is_deleted\":0,\"ratePerMin\":null,\"firstPulse\":null,\"nextPulse\":null,\"gracePeriod\":null,\"failedPeriod\":null,\"formated_time_frame\":null}','rate',0,1,'edit','880','admin'),(66,'1333337473435','{\"searchWithName\":false,\"rateplan_id\":3,\"rateplan_name\":\"IGW Rate\",\"rateplan_des\":\"\",\"rateplan_firstpulse\":0,\"rateplan_pulse\":0,\"rateplan_status\":0,\"rateplan_statusname\":\"Active\",\"rateplan_date\":1333337473420,\"rateplan_create_date\":\"02/04/2012 09:31:13 AM\",\"user_id\":4,\"user_name\":null,\"rateplanList\":null,\"is_deleted\":0,\"client_id\":4}','rateplan',0,1,'add','IGW Rate','res_ash'),(67,'1333337620622','{\"searchWithPrefixName\":false,\"rateplan_id\":3,\"id\":8,\"rate_id\":42,\"rate_destination_code\":\"880\",\"rate_destination_name\":\"BD IGW\",\"rate_per_min\":0.0355,\"rate_first_pulse\":1,\"rate_next_pulse\":1,\"rate_grace_period\":0,\"rate_failed_period\":0,\"rate_status\":0,\"rate_statusname\":\"Active\",\"rate_date\":1333337620620,\"rate_created_date\":\"02/04/2012 09:33:40 AM\",\"rate_day\":null,\"rate_fromhour\":null,\"rate_frommin\":null,\"rate_tohour\":null,\"rate_tomin\":null,\"rate_sin_day\":-1,\"rate_sin_fromhour\":0,\"rate_sin_frommin\":0,\"rate_sin_tohour\":23,\"rate_sin_tomin\":59,\"ids\":null,\"startingRow\":0,\"limit\":0,\"doSearch\":null,\"sortItem\":0,\"sortOrder\":0,\"is_deleted\":0,\"ratePerMin\":null,\"firstPulse\":null,\"nextPulse\":null,\"gracePeriod\":null,\"failedPeriod\":null,\"formated_time_frame\":null}','rate',0,1,'add','880','res_ash'),(68,'1333337668575','{\"searchWithClientID\":false,\"searchWithStatus\":false,\"searchWithType\":false,\"swParentId\":false,\"superUser\":false,\"client_status\":0,\"id\":5,\"client_id\":\"origination\",\"rateplan_id\":3,\"rateplan_name\":\"IGW Rate\",\"client_password\":\"aaaaaa\",\"retypePassword\":null,\"client_name\":\"aaaaaa\",\"client_email\":\"aaaa@email.com\",\"client_type\":0,\"client_status_name\":\"Active\",\"client_type_name\":\"Origination\",\"prefix\":\"\",\"incoming_prefix\":null,\"incoming_to\":null,\"outgoing_prefix\":null,\"outgoing_to\":null,\"selectedIDs\":null,\"client_credit_limit\":\"00.00\",\"client_balance\":\"50.00\",\"client_call_limit\":-1,\"is_deleted\":0,\"client_level\":1,\"client_level_str\":\"Client\",\"parent_id\":4,\"old_parent_id\":0,\"transaction_by\":0}','clients',0,1,'edit','origination','res_ash'),(69,'1333354102815','{\"searchWithGatewayIP\":false,\"searchWithStatus\":false,\"searchWithType\":false,\"superUser\":false,\"id\":5,\"gateway_ip\":\"38.108.92.38\",\"gateway_name\":\"v38\",\"gateway_status\":0,\"gateway_type\":0,\"gateway_status_name\":\"Active\",\"gateway_type_name\":\"Origination\",\"gateway_dst_port_h323\":0,\"gateway_dst_port_sip\":0,\"mvts_id\":0,\"mvts_name\":null,\"clientId\":10,\"client_name\":\"visiontel\",\"client_balance\":0.0,\"selectedIDs\":null,\"switchGatewayId\":258,\"is_deleted\":1,\"parent_id\":0,\"owner_id\":-1}','gateway',0,1,'delete','v38','admin'),(70,'1333404592581','{\"id\":3,\"sign\":0,\"hour\":0,\"min\":0,\"sec\":0,\"settingName\":\"OVER_SALES\",\"settingValue\":\"1\",\"settingsList\":null}','settings',0,1,'edit','OVER_SALES','admin'),(71,'1333404697308','{\"searchWithClientID\":false,\"searchWithStatus\":false,\"searchWithType\":false,\"swParentId\":false,\"superUser\":false,\"client_status\":0,\"id\":4,\"client_id\":\"res_ash\",\"rateplan_id\":1,\"rateplan_name\":\"Orgrate\",\"client_password\":\"123456\",\"retypePassword\":null,\"client_name\":\"aaaaa\",\"client_email\":\"aaaa@email.com\",\"client_type\":0,\"client_status_name\":\"Active\",\"client_type_name\":\"Origination\",\"prefix\":\"\",\"incoming_prefix\":null,\"incoming_to\":null,\"outgoing_prefix\":null,\"outgoing_to\":null,\"selectedIDs\":null,\"client_credit_limit\":\"00.00\",\"client_balance\":\"50.00\",\"client_call_limit\":-1,\"is_deleted\":0,\"client_level\":2,\"client_level_str\":\"Reseller\",\"parent_id\":-1,\"old_parent_id\":0,\"transaction_by\":0}','clients',0,1,'edit','res_ash','admin'),(72,'1333404737559','{\"searchWithClientID\":false,\"searchWithStatus\":false,\"searchWithType\":false,\"swParentId\":false,\"superUser\":false,\"client_status\":0,\"id\":5,\"client_id\":\"origination\",\"rateplan_id\":3,\"rateplan_name\":\"IGW Rate\",\"client_password\":\"aaaaaa\",\"retypePassword\":null,\"client_name\":\"aaaaaa\",\"client_email\":\"aaaa@email.com\",\"client_type\":0,\"client_status_name\":\"Active\",\"client_type_name\":\"Origination\",\"prefix\":\"\",\"incoming_prefix\":null,\"incoming_to\":null,\"outgoing_prefix\":null,\"outgoing_to\":null,\"selectedIDs\":null,\"client_credit_limit\":\"00.00\",\"client_balance\":\"150.00\",\"client_call_limit\":-1,\"is_deleted\":0,\"client_level\":1,\"client_level_str\":\"Client\",\"parent_id\":4,\"old_parent_id\":0,\"transaction_by\":0}','clients',0,1,'edit','origination','res_ash'),(73,'1333404755048','{\"id\":3,\"sign\":0,\"hour\":0,\"min\":0,\"sec\":0,\"settingName\":\"OVER_SALES\",\"settingValue\":\"0\",\"settingsList\":null}','settings',0,1,'edit','OVER_SALES','admin'),(74,'1333409784904','{\"searchWithClientID\":false,\"searchWithStatus\":false,\"searchWithType\":false,\"swParentId\":false,\"superUser\":false,\"client_status\":0,\"id\":4,\"client_id\":\"res_ash\",\"rateplan_id\":1,\"rateplan_name\":\"Orgrate\",\"client_password\":\"123456\",\"retypePassword\":null,\"client_name\":\"aaaaa\",\"client_email\":\"aaaa@email.com\",\"client_type\":0,\"client_status_name\":\"Active\",\"client_type_name\":\"Origination\",\"prefix\":\"\",\"incoming_prefix\":null,\"incoming_to\":null,\"outgoing_prefix\":null,\"outgoing_to\":null,\"selectedIDs\":null,\"client_credit_limit\":\"00.00\",\"client_balance\":\"50.00\",\"client_call_limit\":-1,\"is_deleted\":0,\"client_level\":2,\"client_level_str\":\"Reseller\",\"parent_id\":-1,\"old_parent_id\":0,\"transaction_by\":0}','clients',0,1,'edit','res_ash','admin'),(75,'1333410703441','{\"searchWithClientID\":false,\"searchWithStatus\":false,\"searchWithType\":false,\"swParentId\":false,\"superUser\":false,\"client_status\":0,\"id\":6,\"client_id\":\"termination\",\"rateplan_id\":1,\"rateplan_name\":\"\\u003cspan class\\u003d\\\"base_rateplan\\\"\\u003eBase Rateplan\\u003c/span\\u003e\",\"client_password\":\"123456\",\"retypePassword\":null,\"client_name\":\"aaa\",\"client_email\":\"aaaa@email.com\",\"client_type\":1,\"client_status_name\":\"Active\",\"client_type_name\":\"Termination\",\"prefix\":\"\",\"incoming_prefix\":null,\"incoming_to\":null,\"outgoing_prefix\":null,\"outgoing_to\":null,\"selectedIDs\":null,\"client_credit_limit\":\"00.00\",\"client_balance\":\"99.93\",\"client_call_limit\":-1,\"is_deleted\":0,\"client_level\":1,\"client_level_str\":\"Client\",\"parent_id\":4,\"old_parent_id\":0,\"transaction_by\":0}','clients',0,1,'edit','termination','res_ash'),(76,'1333410724858','{\"searchWithClientID\":false,\"searchWithStatus\":false,\"searchWithType\":false,\"swParentId\":false,\"superUser\":false,\"client_status\":0,\"id\":5,\"client_id\":\"origination\",\"rateplan_id\":3,\"rateplan_name\":\"IGW Rate\",\"client_password\":\"123456\",\"retypePassword\":null,\"client_name\":\"aaaaaa\",\"client_email\":\"aaaa@email.com\",\"client_type\":0,\"client_status_name\":\"Active\",\"client_type_name\":\"Origination\",\"prefix\":\"\",\"incoming_prefix\":null,\"incoming_to\":null,\"outgoing_prefix\":null,\"outgoing_to\":null,\"selectedIDs\":null,\"client_credit_limit\":\"00.00\",\"client_balance\":\"149.69\",\"client_call_limit\":-1,\"is_deleted\":0,\"client_level\":1,\"client_level_str\":\"Client\",\"parent_id\":4,\"old_parent_id\":0,\"transaction_by\":0}','clients',0,1,'edit','origination','res_ash'),(77,'1333410823015','{\"searchWithClientID\":false,\"searchWithStatus\":false,\"searchWithType\":false,\"swParentId\":false,\"superUser\":false,\"client_status\":0,\"id\":5,\"client_id\":\"origination\",\"rateplan_id\":3,\"rateplan_name\":\"IGW Rate\",\"client_password\":\"123456\",\"retypePassword\":null,\"client_name\":\"aaaaaa\",\"client_email\":\"aaaa@email.com\",\"client_type\":0,\"client_status_name\":\"Active\",\"client_type_name\":\"Origination\",\"prefix\":\"\",\"incoming_prefix\":null,\"incoming_to\":null,\"outgoing_prefix\":null,\"outgoing_to\":null,\"selectedIDs\":null,\"client_credit_limit\":\"00.00\",\"client_balance\":\"149.69\",\"client_call_limit\":-1,\"is_deleted\":0,\"client_level\":1,\"client_level_str\":\"Client\",\"parent_id\":4,\"old_parent_id\":0,\"transaction_by\":0}','clients',0,1,'edit','origination','res_ash'),(78,'1333416353984','{\"searchWithClientID\":false,\"searchWithStatus\":false,\"searchWithType\":false,\"swParentId\":false,\"superUser\":false,\"client_status\":0,\"id\":6,\"client_id\":\"termination\",\"rateplan_id\":1,\"rateplan_name\":\"\\u003cspan class\\u003d\\\"base_rateplan\\\"\\u003eBase Rateplan\\u003c/span\\u003e\",\"client_password\":\"123456\",\"retypePassword\":null,\"client_name\":\"aaa\",\"client_email\":\"aaaa@email.com\",\"client_type\":1,\"client_status_name\":\"Active\",\"client_type_name\":\"Termination\",\"prefix\":\"\",\"incoming_prefix\":null,\"incoming_to\":null,\"outgoing_prefix\":null,\"outgoing_to\":null,\"selectedIDs\":null,\"client_credit_limit\":\"00.00\",\"client_balance\":\"99.68\",\"client_call_limit\":-1,\"is_deleted\":0,\"client_level\":1,\"client_level_str\":\"Client\",\"parent_id\":4,\"old_parent_id\":0,\"transaction_by\":0}','clients',0,1,'edit','termination','res_ash'),(79,'1333423152226','null','clients',0,1,'edit','origination','origination'),(80,'1333423386929','null','clients',0,1,'edit','origination','origination'),(81,'1333424419511','null','clients',0,1,'edit','res_ash','res_ash'),(82,'1333424753158','{\"searchWithUserID\":false,\"searchWithStatus\":false,\"superUser\":true,\"userStatus\":0,\"id\":6,\"userTypeList\":null,\"userStatusName\":\"Active\",\"userId\":\"sub\",\"userPassword\":\"123456\",\"fullName\":\"subrata\",\"clientType\":2,\"client_blance\":0.0,\"is_deleted\":0,\"userRoleId\":6,\"userRoleName\":\"Billing\",\"parentId\":-1,\"clientLevel\":-1}','user',0,1,'add','sub','admin'),(83,'1333425804166','null','clients',0,1,'edit','origination','origination'),(84,'1333427616807','{\"searchWithUserID\":false,\"searchWithStatus\":false,\"superUser\":true,\"userStatus\":0,\"id\":6,\"userTypeList\":null,\"userStatusName\":\"Active\",\"userId\":\"sub\",\"userPassword\":\"123456\",\"fullName\":\"subrata\",\"clientType\":2,\"client_blance\":0.0,\"is_deleted\":0,\"userRoleId\":5,\"userRoleName\":\"all_permission\",\"parentId\":-1,\"clientLevel\":-1}','user',0,1,'edit','sub','admin'),(85,'1333427686312','{\"searchWithClientID\":false,\"searchWithStatus\":false,\"searchWithType\":false,\"swParentId\":false,\"superUser\":false,\"client_status\":0,\"id\":4,\"client_id\":\"res_ash\",\"rateplan_id\":1,\"rateplan_name\":\"Orgrate\",\"client_password\":\"123456789\",\"retypePassword\":null,\"client_name\":\"aaaaa\",\"client_email\":\"aaaa@email.com\",\"client_type\":0,\"client_status_name\":\"Active\",\"client_type_name\":\"Origination\",\"prefix\":\"\",\"incoming_prefix\":null,\"incoming_to\":null,\"outgoing_prefix\":null,\"outgoing_to\":null,\"selectedIDs\":null,\"client_credit_limit\":\"00.00\",\"client_balance\":\"149.32\",\"client_call_limit\":-1,\"is_deleted\":0,\"client_level\":2,\"client_level_str\":\"Reseller\",\"parent_id\":-1,\"old_parent_id\":0,\"transaction_by\":0}','clients',0,1,'edit','res_ash','sub'),(86,'1333428124457','{\"searchWithClientID\":false,\"searchWithStatus\":false,\"searchWithType\":false,\"swParentId\":false,\"superUser\":false,\"client_status\":0,\"id\":11,\"client_id\":\"IPvision\",\"rateplan_id\":1,\"rateplan_name\":\"Orgrate\",\"client_password\":\"123456\",\"retypePassword\":null,\"client_name\":\"\",\"client_email\":\"subrata@ipvisionbd.com\",\"client_type\":0,\"client_status_name\":\"Active\",\"client_type_name\":\"Origination\",\"prefix\":\"\",\"incoming_prefix\":null,\"incoming_to\":null,\"outgoing_prefix\":null,\"outgoing_to\":null,\"selectedIDs\":null,\"client_credit_limit\":\"00.00\",\"client_balance\":\"100.00\",\"client_call_limit\":-1,\"is_deleted\":0,\"client_level\":2,\"client_level_str\":\"Reseller\",\"parent_id\":-1,\"old_parent_id\":0,\"transaction_by\":0}','clients',0,1,'edit','IPvision','admin'),(87,'1333428137866','{\"searchWithClientID\":false,\"searchWithStatus\":false,\"searchWithType\":false,\"swParentId\":false,\"superUser\":false,\"client_status\":0,\"id\":11,\"client_id\":\"IPvision\",\"rateplan_id\":1,\"rateplan_name\":\"Orgrate\",\"client_password\":\"123456\",\"retypePassword\":null,\"client_name\":\"\",\"client_email\":\"subrata@ipvisionbd.com\",\"client_type\":0,\"client_status_name\":\"Active\",\"client_type_name\":\"Origination\",\"prefix\":\"\",\"incoming_prefix\":null,\"incoming_to\":null,\"outgoing_prefix\":null,\"outgoing_to\":null,\"selectedIDs\":null,\"client_credit_limit\":\"00.00\",\"client_balance\":\"30.00\",\"client_call_limit\":-1,\"is_deleted\":0,\"client_level\":2,\"client_level_str\":\"Reseller\",\"parent_id\":-1,\"old_parent_id\":0,\"transaction_by\":0}','clients',0,1,'edit','IPvision','admin'),(88,'1333428156261','{\"searchWithClientID\":false,\"searchWithStatus\":false,\"searchWithType\":false,\"swParentId\":false,\"superUser\":false,\"client_status\":0,\"id\":11,\"client_id\":\"IPvision\",\"rateplan_id\":1,\"rateplan_name\":\"Orgrate\",\"client_password\":\"123456\",\"retypePassword\":null,\"client_name\":\"\",\"client_email\":\"subrata@ipvisionbd.com\",\"client_type\":0,\"client_status_name\":\"Active\",\"client_type_name\":\"Origination\",\"prefix\":\"\",\"incoming_prefix\":null,\"incoming_to\":null,\"outgoing_prefix\":null,\"outgoing_to\":null,\"selectedIDs\":null,\"client_credit_limit\":\"00.00\",\"client_balance\":\"30.00\",\"client_call_limit\":-1,\"is_deleted\":0,\"client_level\":2,\"client_level_str\":\"Reseller\",\"parent_id\":-1,\"old_parent_id\":0,\"transaction_by\":0}','clients',0,1,'edit','IPvision','admin'),(89,'1333428183406','{\"searchWithClientID\":false,\"searchWithStatus\":false,\"searchWithType\":false,\"swParentId\":false,\"superUser\":false,\"client_status\":0,\"id\":11,\"client_id\":\"IPvision\",\"rateplan_id\":1,\"rateplan_name\":\"Orgrate\",\"client_password\":\"123456\",\"retypePassword\":null,\"client_name\":\"\",\"client_email\":\"subrata@ipvisionbd.com\",\"client_type\":0,\"client_status_name\":\"Active\",\"client_type_name\":\"Origination\",\"prefix\":\"\",\"incoming_prefix\":null,\"incoming_to\":null,\"outgoing_prefix\":null,\"outgoing_to\":null,\"selectedIDs\":null,\"client_credit_limit\":\"00.00\",\"client_balance\":\"50.00\",\"client_call_limit\":-1,\"is_deleted\":0,\"client_level\":2,\"client_level_str\":\"Reseller\",\"parent_id\":-1,\"old_parent_id\":0,\"transaction_by\":0}','clients',0,1,'edit','IPvision','admin'),(90,'1333429151270','{\"searchWithName\":false,\"rateplan_id\":4,\"rateplan_name\":\"Termrate\",\"rateplan_des\":\"\",\"rateplan_firstpulse\":0,\"rateplan_pulse\":0,\"rateplan_status\":0,\"rateplan_statusname\":\"Active\",\"rateplan_date\":1333429151268,\"rateplan_create_date\":\"03/04/2012 10:59:11 AM\",\"user_id\":-1,\"user_name\":\"admin\",\"rateplanList\":null,\"is_deleted\":0,\"client_id\":-1}','rateplan',0,1,'add','Termrate','admin'),(91,'1333429421479','{\"searchWithPrefixName\":false,\"rateplan_id\":4,\"id\":9,\"rate_id\":43,\"rate_destination_code\":\"880\",\"rate_destination_name\":\"BD Prime\",\"rate_per_min\":0.034,\"rate_first_pulse\":1,\"rate_next_pulse\":1,\"rate_grace_period\":0,\"rate_failed_period\":0,\"rate_status\":0,\"rate_statusname\":\"Active\",\"rate_date\":1333429421477,\"rate_created_date\":\"03/04/2012 11:03:41 AM\",\"rate_day\":null,\"rate_fromhour\":null,\"rate_frommin\":null,\"rate_tohour\":null,\"rate_tomin\":null,\"rate_sin_day\":-1,\"rate_sin_fromhour\":0,\"rate_sin_frommin\":0,\"rate_sin_tohour\":23,\"rate_sin_tomin\":0,\"ids\":null,\"startingRow\":0,\"limit\":0,\"doSearch\":null,\"sortItem\":0,\"sortOrder\":0,\"is_deleted\":0,\"ratePerMin\":null,\"firstPulse\":null,\"nextPulse\":null,\"gracePeriod\":null,\"failedPeriod\":null,\"formated_time_frame\":null}','rate',0,1,'add','880','admin'),(92,'1333486147588','{\"searchWithClientID\":false,\"searchWithStatus\":false,\"searchWithType\":false,\"swParentId\":false,\"superUser\":false,\"client_status\":0,\"id\":13,\"client_id\":\"oweme\",\"rateplan_id\":1,\"rateplan_name\":\"Orgrate\",\"client_password\":\"123456\",\"retypePassword\":null,\"client_name\":\"\",\"client_email\":\"subrata@ipvisionbd.com\",\"client_type\":0,\"client_status_name\":\"Active\",\"client_type_name\":\"Origination\",\"prefix\":\"\",\"incoming_prefix\":null,\"incoming_to\":null,\"outgoing_prefix\":null,\"outgoing_to\":null,\"selectedIDs\":null,\"client_credit_limit\":\"00.00\",\"client_balance\":\"00.00\",\"client_call_limit\":-1,\"is_deleted\":0,\"client_level\":1,\"client_level_str\":\"Client\",\"parent_id\":-1,\"old_parent_id\":0,\"transaction_by\":0}','clients',0,1,'add','oweme','admin'),(93,'1333486210611','{\"searchWithClientID\":false,\"searchWithStatus\":false,\"searchWithType\":false,\"swParentId\":false,\"superUser\":false,\"client_status\":0,\"id\":10,\"client_id\":\"oweu\",\"rateplan_id\":4,\"rateplan_name\":\"Termrate\",\"client_password\":\"123456\",\"retypePassword\":null,\"client_name\":\"\",\"client_email\":\"subrata@ipvisionbd.com\",\"client_type\":1,\"client_status_name\":\"Active\",\"client_type_name\":\"Termination\",\"prefix\":\"\",\"incoming_prefix\":null,\"incoming_to\":null,\"outgoing_prefix\":null,\"outgoing_to\":null,\"selectedIDs\":null,\"client_credit_limit\":\"00.00\",\"client_balance\":\"00.00\",\"client_call_limit\":-1,\"is_deleted\":0,\"client_level\":1,\"client_level_str\":\"Client\",\"parent_id\":-1,\"old_parent_id\":0,\"transaction_by\":0}','clients',0,1,'edit','oweu','admin'),(94,'1333486237230','{\"searchWithClientID\":false,\"searchWithStatus\":false,\"searchWithType\":false,\"swParentId\":false,\"superUser\":false,\"client_status\":0,\"id\":13,\"client_id\":\"oweme\",\"rateplan_id\":1,\"rateplan_name\":\"Orgrate\",\"client_password\":\"123456\",\"retypePassword\":null,\"client_name\":\"\",\"client_email\":\"subrata@ipvisionbd.com\",\"client_type\":0,\"client_status_name\":\"Active\",\"client_type_name\":\"Origination\",\"prefix\":\"\",\"incoming_prefix\":null,\"incoming_to\":null,\"outgoing_prefix\":null,\"outgoing_to\":null,\"selectedIDs\":null,\"client_credit_limit\":\"00.00\",\"client_balance\":\"10.00\",\"client_call_limit\":-1,\"is_deleted\":0,\"client_level\":1,\"client_level_str\":\"Client\",\"parent_id\":-1,\"old_parent_id\":0,\"transaction_by\":0}','clients',0,1,'edit','oweme','admin'),(95,'1333486442461','{\"searchWithGatewayIP\":false,\"searchWithStatus\":false,\"searchWithType\":false,\"superUser\":false,\"id\":7,\"gateway_ip\":\"38.108.92.73\",\"gateway_name\":\"pay73\",\"gateway_status\":0,\"gateway_type\":0,\"gateway_status_name\":\"Active\",\"gateway_type_name\":\"Origination\",\"gateway_dst_port_h323\":0,\"gateway_dst_port_sip\":0,\"mvts_id\":0,\"mvts_name\":null,\"clientId\":13,\"client_name\":\"oweme\",\"client_balance\":10.0,\"selectedIDs\":null,\"switchGatewayId\":260,\"is_deleted\":0,\"parent_id\":0,\"owner_id\":-1}','gateway',0,1,'add','pay73','admin'),(96,'1333486466844','{\"searchWithGatewayIP\":false,\"searchWithStatus\":false,\"searchWithType\":false,\"superUser\":false,\"id\":7,\"gateway_ip\":\"38.108.92.73\",\"gateway_name\":\"pay73\",\"gateway_status\":0,\"gateway_type\":0,\"gateway_status_name\":\"Active\",\"gateway_type_name\":\"Origination\",\"gateway_dst_port_h323\":0,\"gateway_dst_port_sip\":0,\"mvts_id\":0,\"mvts_name\":null,\"clientId\":13,\"client_name\":\"oweme\",\"client_balance\":10.0,\"selectedIDs\":null,\"switchGatewayId\":260,\"is_deleted\":0,\"parent_id\":0,\"owner_id\":-1}','gateway',0,1,'edit','pay73','admin'),(97,'1333486549042','{\"searchWithGatewayIP\":false,\"searchWithStatus\":false,\"searchWithType\":false,\"superUser\":false,\"id\":8,\"gateway_ip\":\"38.108.92.38\",\"gateway_name\":\"get38\",\"gateway_status\":0,\"gateway_type\":1,\"gateway_status_name\":\"Active\",\"gateway_type_name\":\"Termination\",\"gateway_dst_port_h323\":0,\"gateway_dst_port_sip\":0,\"mvts_id\":0,\"mvts_name\":null,\"clientId\":10,\"client_name\":\"oweu\",\"client_balance\":0.0,\"selectedIDs\":null,\"switchGatewayId\":261,\"is_deleted\":0,\"parent_id\":0,\"owner_id\":-1}','gateway',0,1,'add','get38','admin'),(98,'1333486607690','{\"searchWithDialplanName\":false,\"searchWithStatus\":false,\"searchWithPrefix\":false,\"searchWithGatewayName\":false,\"superUser\":false,\"id\":83,\"dialplan_name\":\"BD CLI\",\"dialplan_description\":\"\",\"dialplan_enable\":1,\"dialplan_sched_type\":0,\"dialplan_sched_tod_on\":\"0000\",\"dialplan_sched_tod_off\":\"0000\",\"dialplan_sched_type_name\":\"No Schedule\",\"is_deleted\":0,\"client_id\":-1,\"parent_id\":0,\"dialplan_sched_tod_on_name\":\"00:00\",\"dialplan_sched_tod_off_name\":\"00:00\",\"onhour\":0,\"onmin\":0,\"offhour\":0,\"offmin\":0,\"dialplan_enable_name\":\"Active\",\"dialplan_gateway_list\":\"261;\",\"dialplan_gateway_list_array\":[261],\"dialplan_gateway_list_name\":\"* get38\\u003cbr\\u003e\",\"dialplan_dnis_pattern\":\"880\",\"dialplan_ani_translate\":\"\",\"dialplan_dnis_translate\":\"\",\"dialplan_hunt_mode\":1,\"dialplan_hunt_mode_name\":\"Round robin balancing\",\"dialplan_stat_enable\":0,\"dialplan_capacity\":0,\"dialplan_priority\":0,\"selectedIDs\":null,\"gateway_id\":null,\"gateway_name\":null,\"gateway_id_single\":0,\"gateway_name_single\":null,\"gateway_owner_id\":0}','dialpeer',0,1,'add','BD CLI','admin'),(99,'1333486639699','{\"searchWithDialplanName\":false,\"searchWithStatus\":false,\"searchWithPrefix\":false,\"searchWithGatewayName\":false,\"superUser\":false,\"id\":83,\"dialplan_name\":\"BD CLI\",\"dialplan_description\":\"\",\"dialplan_enable\":1,\"dialplan_sched_type\":0,\"dialplan_sched_tod_on\":\"0000\",\"dialplan_sched_tod_off\":\"0000\",\"dialplan_sched_type_name\":\"No Schedule\",\"is_deleted\":0,\"client_id\":-1,\"parent_id\":0,\"dialplan_sched_tod_on_name\":\"00:00\",\"dialplan_sched_tod_off_name\":\"00:00\",\"onhour\":0,\"onmin\":0,\"offhour\":0,\"offmin\":0,\"dialplan_enable_name\":\"Active\",\"dialplan_gateway_list\":\"261;\",\"dialplan_gateway_list_array\":[261],\"dialplan_gateway_list_name\":\"* get38\\u003cbr\\u003e\",\"dialplan_dnis_pattern\":\"880\",\"dialplan_ani_translate\":\"\",\"dialplan_dnis_translate\":\"^(.*)/00\\\\1\",\"dialplan_hunt_mode\":1,\"dialplan_hunt_mode_name\":\"Round robin balancing\",\"dialplan_stat_enable\":0,\"dialplan_capacity\":0,\"dialplan_priority\":0,\"selectedIDs\":null,\"gateway_id\":null,\"gateway_name\":null,\"gateway_id_single\":0,\"gateway_name_single\":null,\"gateway_owner_id\":0}','dialpeer',0,1,'edit','BD CLI','admin'),(100,'1333487035611','{\"searchWithGatewayIP\":false,\"searchWithStatus\":false,\"searchWithType\":false,\"superUser\":false,\"id\":7,\"gateway_ip\":\"38.108.92.78\",\"gateway_name\":\"pay73\",\"gateway_status\":0,\"gateway_type\":0,\"gateway_status_name\":\"Active\",\"gateway_type_name\":\"Origination\",\"gateway_dst_port_h323\":0,\"gateway_dst_port_sip\":0,\"mvts_id\":0,\"mvts_name\":null,\"clientId\":13,\"client_name\":\"oweme\",\"client_balance\":10.0,\"selectedIDs\":null,\"switchGatewayId\":260,\"is_deleted\":0,\"parent_id\":0,\"owner_id\":-1}','gateway',0,1,'edit','pay73','admin'),(101,'1333487353533','{\"searchWithGatewayIP\":false,\"searchWithStatus\":false,\"searchWithType\":false,\"superUser\":false,\"id\":7,\"gateway_ip\":\"38.108.92.78\",\"gateway_name\":\"pay73\",\"gateway_status\":0,\"gateway_type\":0,\"gateway_status_name\":\"Active\",\"gateway_type_name\":\"Origination\",\"gateway_dst_port_h323\":0,\"gateway_dst_port_sip\":0,\"mvts_id\":0,\"mvts_name\":null,\"clientId\":13,\"client_name\":\"oweme\",\"client_balance\":10.0,\"selectedIDs\":null,\"switchGatewayId\":260,\"is_deleted\":0,\"parent_id\":0,\"owner_id\":-1}','gateway',0,1,'edit','pay73','admin'),(102,'1333487397829','{\"searchWithGatewayIP\":false,\"searchWithStatus\":false,\"searchWithType\":false,\"superUser\":false,\"id\":8,\"gateway_ip\":\"38.127.68.203\",\"gateway_name\":\"get38\",\"gateway_status\":0,\"gateway_type\":1,\"gateway_status_name\":\"Active\",\"gateway_type_name\":\"Termination\",\"gateway_dst_port_h323\":0,\"gateway_dst_port_sip\":0,\"mvts_id\":0,\"mvts_name\":null,\"clientId\":10,\"client_name\":\"oweu\",\"client_balance\":0.0,\"selectedIDs\":null,\"switchGatewayId\":261,\"is_deleted\":0,\"parent_id\":0,\"owner_id\":-1}','gateway',0,1,'edit','get38','admin'),(103,'1333488671273','{\"searchWithDialplanName\":false,\"searchWithStatus\":false,\"searchWithPrefix\":false,\"searchWithGatewayName\":false,\"superUser\":false,\"id\":83,\"dialplan_name\":\"BD CLI\",\"dialplan_description\":\"\",\"dialplan_enable\":1,\"dialplan_sched_type\":0,\"dialplan_sched_tod_on\":\"0000\",\"dialplan_sched_tod_off\":\"0000\",\"dialplan_sched_type_name\":\"No Schedule\",\"is_deleted\":0,\"client_id\":-1,\"parent_id\":0,\"dialplan_sched_tod_on_name\":\"00:00\",\"dialplan_sched_tod_off_name\":\"00:00\",\"onhour\":0,\"onmin\":0,\"offhour\":0,\"offmin\":0,\"dialplan_enable_name\":\"Active\",\"dialplan_gateway_list\":\"261;\",\"dialplan_gateway_list_array\":[261],\"dialplan_gateway_list_name\":\"* get38\\u003cbr\\u003e\",\"dialplan_dnis_pattern\":\"880\",\"dialplan_ani_translate\":\"\",\"dialplan_dnis_translate\":\"^(.*)/00\\\\1\",\"dialplan_hunt_mode\":1,\"dialplan_hunt_mode_name\":\"Round robin balancing\",\"dialplan_stat_enable\":0,\"dialplan_capacity\":0,\"dialplan_priority\":0,\"selectedIDs\":null,\"gateway_id\":null,\"gateway_name\":null,\"gateway_id_single\":0,\"gateway_name_single\":null,\"gateway_owner_id\":0}','dialpeer',0,1,'edit','BD CLI','admin'),(104,'1333492029766','{\"searchWithGatewayIP\":false,\"searchWithStatus\":false,\"searchWithType\":false,\"superUser\":false,\"id\":8,\"gateway_ip\":\"38.127.68.203\",\"gateway_name\":\"get38\",\"gateway_status\":0,\"gateway_type\":1,\"gateway_status_name\":\"Active\",\"gateway_type_name\":\"Termination\",\"gateway_dst_port_h323\":0,\"gateway_dst_port_sip\":0,\"mvts_id\":0,\"mvts_name\":null,\"clientId\":10,\"client_name\":\"oweu\",\"client_balance\":0.0,\"selectedIDs\":null,\"switchGatewayId\":261,\"is_deleted\":0,\"parent_id\":0,\"owner_id\":-1}','gateway',0,1,'edit','get38','admin'),(105,'1333492164793','{\"searchWithDialplanName\":false,\"searchWithStatus\":false,\"searchWithPrefix\":false,\"searchWithGatewayName\":false,\"superUser\":false,\"id\":83,\"dialplan_name\":\"BD CLI\",\"dialplan_description\":\"\",\"dialplan_enable\":1,\"dialplan_sched_type\":0,\"dialplan_sched_tod_on\":\"0000\",\"dialplan_sched_tod_off\":\"0000\",\"dialplan_sched_type_name\":\"No Schedule\",\"is_deleted\":0,\"client_id\":-1,\"parent_id\":0,\"dialplan_sched_tod_on_name\":\"00:00\",\"dialplan_sched_tod_off_name\":\"00:00\",\"onhour\":0,\"onmin\":0,\"offhour\":0,\"offmin\":0,\"dialplan_enable_name\":\"Active\",\"dialplan_gateway_list\":\"261;\",\"dialplan_gateway_list_array\":[261],\"dialplan_gateway_list_name\":\"* get38\\u003cbr\\u003e\",\"dialplan_dnis_pattern\":\"880\",\"dialplan_ani_translate\":\"\",\"dialplan_dnis_translate\":\"^(.*)/00\\\\1\",\"dialplan_hunt_mode\":1,\"dialplan_hunt_mode_name\":\"Round robin balancing\",\"dialplan_stat_enable\":0,\"dialplan_capacity\":0,\"dialplan_priority\":100,\"selectedIDs\":null,\"gateway_id\":null,\"gateway_name\":null,\"gateway_id_single\":0,\"gateway_name_single\":null,\"gateway_owner_id\":0}','dialpeer',0,1,'edit','BD CLI','admin'),(106,'1333494313130','{\"id\":2,\"sign\":0,\"hour\":0,\"min\":0,\"sec\":0,\"settingName\":\"DECIMAL_PLACES\",\"settingValue\":\"7\",\"settingsList\":null}','settings',0,1,'edit','DECIMAL_PLACES','admin'),(107,'1333494826666','{\"searchWithDialplanName\":false,\"searchWithStatus\":false,\"searchWithPrefix\":false,\"searchWithGatewayName\":false,\"superUser\":false,\"id\":83,\"dialplan_name\":\"BD CLI\",\"dialplan_description\":\"\",\"dialplan_enable\":1,\"dialplan_sched_type\":0,\"dialplan_sched_tod_on\":\"0000\",\"dialplan_sched_tod_off\":\"0000\",\"dialplan_sched_type_name\":\"No Schedule\",\"is_deleted\":0,\"client_id\":-1,\"parent_id\":0,\"dialplan_sched_tod_on_name\":\"00:00\",\"dialplan_sched_tod_off_name\":\"00:00\",\"onhour\":0,\"onmin\":0,\"offhour\":0,\"offmin\":0,\"dialplan_enable_name\":\"Active\",\"dialplan_gateway_list\":\"261;\",\"dialplan_gateway_list_array\":[261],\"dialplan_gateway_list_name\":\"* get38\\u003cbr\\u003e\",\"dialplan_dnis_pattern\":\"880\",\"dialplan_ani_translate\":\"\",\"dialplan_dnis_translate\":\"^(.*)/00\\\\1\",\"dialplan_hunt_mode\":1,\"dialplan_hunt_mode_name\":\"Round robin balancing\",\"dialplan_stat_enable\":0,\"dialplan_capacity\":0,\"dialplan_priority\":0,\"selectedIDs\":null,\"gateway_id\":null,\"gateway_name\":null,\"gateway_id_single\":0,\"gateway_name_single\":null,\"gateway_owner_id\":0}','dialpeer',0,1,'edit','BD CLI','admin'),(108,'1333495197644','{\"id\":2,\"sign\":0,\"hour\":0,\"min\":0,\"sec\":0,\"settingName\":\"DECIMAL_PLACES\",\"settingValue\":\"8\",\"settingsList\":null}','settings',0,1,'edit','DECIMAL_PLACES','admin'),(109,'1334654873726','{\"searchWithClientID\":false,\"searchWithStatus\":false,\"searchWithType\":false,\"swParentId\":false,\"superUser\":false,\"client_status\":0,\"id\":13,\"client_id\":\"oweme\",\"rateplan_id\":1,\"rateplan_name\":\"Orgrate\",\"client_password\":\"123456\",\"retypePassword\":null,\"client_name\":\"\",\"client_email\":\"subrata@ipvisionbd.com\",\"client_type\":0,\"client_status_name\":\"Active\",\"client_type_name\":\"Origination\",\"prefix\":\"\",\"incoming_prefix\":null,\"incoming_to\":null,\"outgoing_prefix\":null,\"outgoing_to\":null,\"selectedIDs\":null,\"client_credit_limit\":\"00.00\",\"client_balance\":\"09.66\",\"client_call_limit\":-1,\"is_deleted\":0,\"client_level\":1,\"client_level_str\":\"Client\",\"parent_id\":-1,\"old_parent_id\":0,\"transaction_by\":0,\"is_icx\":1,\"number_of_cct_or_bw\":100}','clients',0,1,'edit','oweme','admin'),(110,'1334654924532','{\"searchWithClientID\":false,\"searchWithStatus\":false,\"searchWithType\":false,\"swParentId\":false,\"superUser\":false,\"client_status\":0,\"id\":14,\"client_id\":\"icx\",\"rateplan_id\":1,\"rateplan_name\":\"Orgrate\",\"client_password\":\"aaaaaa\",\"retypePassword\":null,\"client_name\":\"aaaaaa\",\"client_email\":\"aaaa@email.com\",\"client_type\":0,\"client_status_name\":\"Active\",\"client_type_name\":\"Origination\",\"prefix\":\"\",\"incoming_prefix\":null,\"incoming_to\":null,\"outgoing_prefix\":null,\"outgoing_to\":null,\"selectedIDs\":null,\"client_credit_limit\":\"00.00\",\"client_balance\":\"00.00\",\"client_call_limit\":-1,\"is_deleted\":0,\"client_level\":1,\"client_level_str\":\"Client\",\"parent_id\":4,\"old_parent_id\":0,\"transaction_by\":0,\"is_icx\":1,\"number_of_cct_or_bw\":5345}','clients',0,1,'add','icx','admin'),(111,'1336196496784','{\"searchWithClientID\":false,\"searchWithStatus\":false,\"searchWithType\":false,\"swParentId\":false,\"superUser\":false,\"client_status\":0,\"id\":4,\"client_id\":\"res_ash\",\"rateplan_id\":1,\"rateplan_name\":\"Orgrate\",\"client_password\":\"123456789\",\"retypePassword\":null,\"client_name\":\"aaaaa\",\"client_email\":\"aaaa@email.com\",\"client_type\":0,\"client_status_name\":\"Active\",\"client_type_name\":\"Origination\",\"prefix\":\"\",\"incoming_prefix\":null,\"incoming_to\":null,\"outgoing_prefix\":null,\"outgoing_to\":null,\"selectedIDs\":null,\"client_credit_limit\":\"00.00\",\"client_balance\":\"299.32\",\"client_call_limit\":-1,\"is_deleted\":0,\"client_level\":2,\"client_level_str\":\"Reseller\",\"parent_id\":-1,\"old_parent_id\":0,\"transaction_by\":0,\"is_icx\":0,\"number_of_cct_or_bw\":0}','clients',0,1,'edit','res_ash','admin'),(112,'1336196520574','{\"searchWithClientID\":false,\"searchWithStatus\":false,\"searchWithType\":false,\"swParentId\":false,\"superUser\":false,\"client_status\":0,\"id\":4,\"client_id\":\"res_ash\",\"rateplan_id\":1,\"rateplan_name\":\"Orgrate\",\"client_password\":\"123456789\",\"retypePassword\":null,\"client_name\":\"aaaaa\",\"client_email\":\"aaaa@email.com\",\"client_type\":0,\"client_status_name\":\"Active\",\"client_type_name\":\"Origination\",\"prefix\":\"\",\"incoming_prefix\":null,\"incoming_to\":null,\"outgoing_prefix\":null,\"outgoing_to\":null,\"selectedIDs\":null,\"client_credit_limit\":\"00.00\",\"client_balance\":\"799.32\",\"client_call_limit\":-1,\"is_deleted\":0,\"client_level\":2,\"client_level_str\":\"Reseller\",\"parent_id\":-1,\"old_parent_id\":0,\"transaction_by\":0,\"is_icx\":0,\"number_of_cct_or_bw\":0}','clients',0,1,'edit','res_ash','admin'),(113,'1336196549559','{\"searchWithClientID\":false,\"searchWithStatus\":false,\"searchWithType\":false,\"swParentId\":false,\"superUser\":false,\"client_status\":0,\"id\":4,\"client_id\":\"res_ash\",\"rateplan_id\":1,\"rateplan_name\":\"Orgrate\",\"client_password\":\"123456789\",\"retypePassword\":null,\"client_name\":\"aaaaa\",\"client_email\":\"aaaa@email.com\",\"client_type\":0,\"client_status_name\":\"Active\",\"client_type_name\":\"Origination\",\"prefix\":\"\",\"incoming_prefix\":null,\"incoming_to\":null,\"outgoing_prefix\":null,\"outgoing_to\":null,\"selectedIDs\":null,\"client_credit_limit\":\"00.00\",\"client_balance\":\"699.32\",\"client_call_limit\":-1,\"is_deleted\":0,\"client_level\":2,\"client_level_str\":\"Reseller\",\"parent_id\":-1,\"old_parent_id\":0,\"transaction_by\":0,\"is_icx\":0,\"number_of_cct_or_bw\":0}','clients',0,1,'edit','res_ash','admin'),(114,'1336196557187','{\"searchWithClientID\":false,\"searchWithStatus\":false,\"searchWithType\":false,\"swParentId\":false,\"superUser\":false,\"client_status\":0,\"id\":4,\"client_id\":\"res_ash\",\"rateplan_id\":1,\"rateplan_name\":\"Orgrate\",\"client_password\":\"123456789\",\"retypePassword\":null,\"client_name\":\"aaaaa\",\"client_email\":\"aaaa@email.com\",\"client_type\":0,\"client_status_name\":\"Active\",\"client_type_name\":\"Origination\",\"prefix\":\"\",\"incoming_prefix\":null,\"incoming_to\":null,\"outgoing_prefix\":null,\"outgoing_to\":null,\"selectedIDs\":null,\"client_credit_limit\":\"00.00\",\"client_balance\":\"699.32\",\"client_call_limit\":-1,\"is_deleted\":0,\"client_level\":2,\"client_level_str\":\"Reseller\",\"parent_id\":-1,\"old_parent_id\":0,\"transaction_by\":0,\"is_icx\":0,\"number_of_cct_or_bw\":0}','clients',0,1,'edit','res_ash','admin'),(115,'1336196653503','{\"searchWithClientID\":false,\"searchWithStatus\":false,\"searchWithType\":false,\"swParentId\":false,\"superUser\":false,\"client_status\":0,\"id\":13,\"client_id\":\"oweme\",\"rateplan_id\":1,\"rateplan_name\":\"Orgrate\",\"client_password\":\"123456\",\"retypePassword\":null,\"client_name\":\"\",\"client_email\":\"subrata@ipvisionbd.com\",\"client_type\":0,\"client_status_name\":\"Active\",\"client_type_name\":\"Origination\",\"prefix\":\"\",\"incoming_prefix\":null,\"incoming_to\":null,\"outgoing_prefix\":null,\"outgoing_to\":null,\"selectedIDs\":null,\"client_credit_limit\":\"00.00\",\"client_balance\":\"19.66\",\"client_call_limit\":-1,\"is_deleted\":0,\"client_level\":1,\"client_level_str\":\"Client\",\"parent_id\":-1,\"old_parent_id\":0,\"transaction_by\":0,\"is_icx\":1,\"number_of_cct_or_bw\":100}','clients',0,1,'edit','oweme','admin'),(116,'1336196653505','{\"searchWithClientID\":false,\"searchWithStatus\":false,\"searchWithType\":false,\"swParentId\":false,\"superUser\":false,\"client_status\":0,\"id\":11,\"client_id\":\"IPvision\",\"rateplan_id\":1,\"rateplan_name\":\"Orgrate\",\"client_password\":\"123456\",\"retypePassword\":null,\"client_name\":\"\",\"client_email\":\"subrata@ipvisionbd.com\",\"client_type\":0,\"client_status_name\":\"Active\",\"client_type_name\":\"Origination\",\"prefix\":\"\",\"incoming_prefix\":null,\"incoming_to\":null,\"outgoing_prefix\":null,\"outgoing_to\":null,\"selectedIDs\":null,\"client_credit_limit\":\"00.00\",\"client_balance\":\"100.00\",\"client_call_limit\":-1,\"is_deleted\":0,\"client_level\":2,\"client_level_str\":\"Reseller\",\"parent_id\":-1,\"old_parent_id\":0,\"transaction_by\":0,\"is_icx\":0,\"number_of_cct_or_bw\":0}','clients',0,1,'edit','IPvision','admin'),(117,'1336196653506','{\"searchWithClientID\":false,\"searchWithStatus\":false,\"searchWithType\":false,\"swParentId\":false,\"superUser\":false,\"client_status\":0,\"id\":10,\"client_id\":\"oweu\",\"rateplan_id\":4,\"rateplan_name\":\"Termrate\",\"client_password\":\"123456\",\"retypePassword\":null,\"client_name\":\"\",\"client_email\":\"subrata@ipvisionbd.com\",\"client_type\":1,\"client_status_name\":\"Active\",\"client_type_name\":\"Termination\",\"prefix\":\"\",\"incoming_prefix\":null,\"incoming_to\":null,\"outgoing_prefix\":null,\"outgoing_to\":null,\"selectedIDs\":null,\"client_credit_limit\":\"00.00\",\"client_balance\":\"60.00\",\"client_call_limit\":-1,\"is_deleted\":0,\"client_level\":1,\"client_level_str\":\"Client\",\"parent_id\":-1,\"old_parent_id\":0,\"transaction_by\":0,\"is_icx\":0,\"number_of_cct_or_bw\":0}','clients',0,1,'edit','oweu','admin'),(118,'1336196653508','{\"searchWithClientID\":false,\"searchWithStatus\":false,\"searchWithType\":false,\"swParentId\":false,\"superUser\":false,\"client_status\":0,\"id\":4,\"client_id\":\"res_ash\",\"rateplan_id\":1,\"rateplan_name\":\"Orgrate\",\"client_password\":\"123456789\",\"retypePassword\":null,\"client_name\":\"aaaaa\",\"client_email\":\"aaaa@email.com\",\"client_type\":0,\"client_status_name\":\"Active\",\"client_type_name\":\"Origination\",\"prefix\":\"\",\"incoming_prefix\":null,\"incoming_to\":null,\"outgoing_prefix\":null,\"outgoing_to\":null,\"selectedIDs\":null,\"client_credit_limit\":\"00.00\",\"client_balance\":\"789.32\",\"client_call_limit\":-1,\"is_deleted\":0,\"client_level\":2,\"client_level_str\":\"Reseller\",\"parent_id\":-1,\"old_parent_id\":0,\"transaction_by\":0,\"is_icx\":0,\"number_of_cct_or_bw\":0}','clients',0,1,'edit','res_ash','admin'),(119,'1336200272138','{\"searchWithClientID\":false,\"searchWithStatus\":false,\"searchWithType\":false,\"swParentId\":false,\"superUser\":false,\"client_status\":0,\"id\":13,\"client_id\":\"oweme\",\"rateplan_id\":1,\"rateplan_name\":\"Orgrate\",\"client_password\":\"aaaaaa\",\"retypePassword\":null,\"client_name\":\"\",\"client_email\":\"subrata@ipvisionbd.com\",\"client_type\":0,\"client_status_name\":\"Active\",\"client_type_name\":\"Origination\",\"prefix\":\"\",\"incoming_prefix\":null,\"incoming_to\":null,\"outgoing_prefix\":null,\"outgoing_to\":null,\"selectedIDs\":null,\"client_credit_limit\":\"00.00\",\"client_balance\":\"19.66\",\"client_call_limit\":-1,\"is_deleted\":0,\"client_level\":1,\"client_level_str\":\"Client\",\"parent_id\":-1,\"old_parent_id\":0,\"transaction_by\":0,\"is_icx\":1,\"number_of_cct_or_bw\":100}','clients',0,1,'edit','oweme','admin'),(120,'1337145911268','{\"searchWithClientID\":false,\"searchWithStatus\":false,\"searchWithType\":false,\"swParentId\":false,\"superUser\":false,\"client_status\":0,\"id\":13,\"client_id\":\"oweme\",\"rateplan_id\":1,\"rateplan_name\":\"Orgrate\",\"client_password\":\"aaaaaa\",\"retypePassword\":null,\"client_name\":\"\",\"client_email\":\"subrata@ipvisionbd.com\",\"client_type\":0,\"client_status_name\":\"Active\",\"client_type_name\":\"Origination\",\"prefix\":\"\",\"incoming_prefix\":null,\"incoming_to\":null,\"outgoing_prefix\":null,\"outgoing_to\":null,\"selectedIDs\":null,\"client_credit_limit\":\"00.00\",\"client_balance\":\"119.66\",\"client_call_limit\":-1,\"is_deleted\":0,\"client_level\":1,\"client_level_str\":\"Client\",\"parent_id\":-1,\"old_parent_id\":0,\"transaction_by\":0,\"is_icx\":1,\"number_of_cct_or_bw\":100}','clients',0,1,'edit','oweme','admin'),(121,'1337145911318','{\"searchWithClientID\":false,\"searchWithStatus\":false,\"searchWithType\":false,\"swParentId\":false,\"superUser\":false,\"client_status\":0,\"id\":11,\"client_id\":\"IPvision\",\"rateplan_id\":1,\"rateplan_name\":\"Orgrate\",\"client_password\":\"123456\",\"retypePassword\":null,\"client_name\":\"\",\"client_email\":\"subrata@ipvisionbd.com\",\"client_type\":0,\"client_status_name\":\"Active\",\"client_type_name\":\"Origination\",\"prefix\":\"\",\"incoming_prefix\":null,\"incoming_to\":null,\"outgoing_prefix\":null,\"outgoing_to\":null,\"selectedIDs\":null,\"client_credit_limit\":\"00.00\",\"client_balance\":\"265.00\",\"client_call_limit\":-1,\"is_deleted\":0,\"client_level\":2,\"client_level_str\":\"Reseller\",\"parent_id\":-1,\"old_parent_id\":0,\"transaction_by\":0,\"is_icx\":0,\"number_of_cct_or_bw\":0}','clients',0,1,'edit','IPvision','admin'),(122,'1337145911318','{\"searchWithClientID\":false,\"searchWithStatus\":false,\"searchWithType\":false,\"swParentId\":false,\"superUser\":false,\"client_status\":0,\"id\":10,\"client_id\":\"oweu\",\"rateplan_id\":4,\"rateplan_name\":\"Termrate\",\"client_password\":\"123456\",\"retypePassword\":null,\"client_name\":\"\",\"client_email\":\"subrata@ipvisionbd.com\",\"client_type\":1,\"client_status_name\":\"Active\",\"client_type_name\":\"Termination\",\"prefix\":\"\",\"incoming_prefix\":null,\"incoming_to\":null,\"outgoing_prefix\":null,\"outgoing_to\":null,\"selectedIDs\":null,\"client_credit_limit\":\"00.00\",\"client_balance\":\"960.00\",\"client_call_limit\":-1,\"is_deleted\":0,\"client_level\":1,\"client_level_str\":\"Client\",\"parent_id\":-1,\"old_parent_id\":0,\"transaction_by\":0,\"is_icx\":0,\"number_of_cct_or_bw\":0}','clients',0,1,'edit','oweu','admin'),(123,'1337145911318','{\"searchWithClientID\":false,\"searchWithStatus\":false,\"searchWithType\":false,\"swParentId\":false,\"superUser\":false,\"client_status\":0,\"id\":4,\"client_id\":\"res_ash\",\"rateplan_id\":1,\"rateplan_name\":\"Orgrate\",\"client_password\":\"123456789\",\"retypePassword\":null,\"client_name\":\"aaaaa\",\"client_email\":\"aaaa@email.com\",\"client_type\":0,\"client_status_name\":\"Active\",\"client_type_name\":\"Origination\",\"prefix\":\"\",\"incoming_prefix\":null,\"incoming_to\":null,\"outgoing_prefix\":null,\"outgoing_to\":null,\"selectedIDs\":null,\"client_credit_limit\":\"00.00\",\"client_balance\":\"1239.32\",\"client_call_limit\":-1,\"is_deleted\":0,\"client_level\":2,\"client_level_str\":\"Reseller\",\"parent_id\":-1,\"old_parent_id\":0,\"transaction_by\":0,\"is_icx\":0,\"number_of_cct_or_bw\":0}','clients',0,1,'edit','res_ash','admin'),(124,'1339495234367','{\"searchWithClientID\":false,\"searchWithStatus\":false,\"searchWithType\":false,\"swParentId\":false,\"superUser\":false,\"client_status\":0,\"id\":11,\"client_id\":\"IPvision\",\"rateplan_id\":1,\"rateplan_name\":\"Orgrate\",\"client_password\":\"123456\",\"retypePassword\":null,\"client_name\":\"\",\"client_email\":\"subrata@ipvisionbd.com\",\"client_type\":0,\"client_status_name\":\"Active\",\"client_type_name\":\"Origination\",\"prefix\":\"\",\"incoming_prefix\":null,\"incoming_to\":null,\"outgoing_prefix\":null,\"outgoing_to\":null,\"selectedIDs\":null,\"client_credit_limit\":\"00.00\",\"client_balance\":\"265.00\",\"client_call_limit\":-1,\"is_deleted\":0,\"client_level\":2,\"client_level_str\":\"Reseller\",\"parent_id\":-1,\"old_parent_id\":0,\"transaction_by\":0,\"is_icx\":0,\"number_of_cct_or_bw\":0}','clients',0,1,'edit','IPvision','admin'),(125,'1339495309475','{\"searchWithClientID\":false,\"searchWithStatus\":false,\"searchWithType\":false,\"swParentId\":false,\"superUser\":false,\"client_status\":0,\"id\":15,\"client_id\":\"rerere\",\"rateplan_id\":1,\"rateplan_name\":\"Orgrate\",\"client_password\":\"aaaaaa\",\"retypePassword\":null,\"client_name\":\"aaa\",\"client_email\":\"aaaa@email.com\",\"client_type\":0,\"client_status_name\":\"Active\",\"client_type_name\":\"Origination\",\"prefix\":\"\",\"incoming_prefix\":null,\"incoming_to\":null,\"outgoing_prefix\":null,\"outgoing_to\":null,\"selectedIDs\":null,\"client_credit_limit\":\"00.00\",\"client_balance\":\"00.00\",\"client_call_limit\":-1,\"is_deleted\":0,\"client_level\":2,\"client_level_str\":\"Reseller\",\"parent_id\":4,\"old_parent_id\":0,\"transaction_by\":0,\"is_icx\":0,\"number_of_cct_or_bw\":0}','clients',0,1,'add','rerere','admin'),(126,'1339495324994','{\"searchWithClientID\":false,\"searchWithStatus\":false,\"searchWithType\":false,\"swParentId\":false,\"superUser\":false,\"client_status\":0,\"id\":15,\"client_id\":\"rerere\",\"rateplan_id\":1,\"rateplan_name\":\"Orgrate\",\"client_password\":\"aaaaaa\",\"retypePassword\":null,\"client_name\":\"aaa\",\"client_email\":\"aaaa@email.com\",\"client_type\":0,\"client_status_name\":\"Active\",\"client_type_name\":\"Origination\",\"prefix\":\"\",\"incoming_prefix\":null,\"incoming_to\":null,\"outgoing_prefix\":null,\"outgoing_to\":null,\"selectedIDs\":null,\"client_credit_limit\":\"00.00\",\"client_balance\":\"00.00\",\"client_call_limit\":-1,\"is_deleted\":0,\"client_level\":2,\"client_level_str\":\"Reseller\",\"parent_id\":15,\"old_parent_id\":0,\"transaction_by\":0,\"is_icx\":0,\"number_of_cct_or_bw\":0}','clients',0,1,'edit','rerere','admin'),(127,'1339495967749','{\"searchWithClientID\":false,\"searchWithStatus\":false,\"searchWithType\":false,\"swParentId\":false,\"superUser\":false,\"client_status\":0,\"id\":16,\"client_id\":\"2222\",\"rateplan_id\":1,\"rateplan_name\":\"Orgrate\",\"client_password\":\"222222\",\"retypePassword\":null,\"client_name\":\"22\",\"client_email\":\"aaaa@email.com\",\"client_type\":0,\"client_status_name\":\"Active\",\"client_type_name\":\"Origination\",\"prefix\":\"\",\"incoming_prefix\":null,\"incoming_to\":null,\"outgoing_prefix\":null,\"outgoing_to\":null,\"selectedIDs\":null,\"client_credit_limit\":\"00.00\",\"client_balance\":\"00.00\",\"client_call_limit\":-1,\"is_deleted\":0,\"client_level\":2,\"client_level_str\":\"Reseller\",\"parent_id\":15,\"old_parent_id\":0,\"transaction_by\":0,\"is_icx\":0,\"number_of_cct_or_bw\":0}','clients',0,1,'add','2222','admin'),(128,'1339497986540','{\"searchWithClientID\":false,\"searchWithStatus\":false,\"searchWithType\":false,\"swParentId\":false,\"superUser\":false,\"client_status\":0,\"id\":17,\"client_id\":\"aaaa\",\"rateplan_id\":3,\"rateplan_name\":\"IGW Rate\",\"client_password\":\"aaaaaa\",\"retypePassword\":null,\"client_name\":\"aaaa\",\"client_email\":\"aaaa@email.com\",\"client_type\":0,\"client_status_name\":\"Active\",\"client_type_name\":\"Origination\",\"prefix\":\"\",\"incoming_prefix\":null,\"incoming_to\":null,\"outgoing_prefix\":null,\"outgoing_to\":null,\"selectedIDs\":null,\"client_credit_limit\":\"00.00\",\"client_balance\":\"00.00\",\"client_call_limit\":-1,\"is_deleted\":0,\"client_level\":2,\"client_level_str\":\"Reseller\",\"parent_id\":4,\"parent_name\":null,\"old_parent_id\":0,\"transaction_by\":0,\"is_icx\":0,\"number_of_cct_or_bw\":0}','clients',0,1,'add','aaaa','res_ash'),(129,'1339498000848','{\"searchWithClientID\":false,\"searchWithStatus\":false,\"searchWithType\":false,\"swParentId\":false,\"superUser\":false,\"client_status\":0,\"id\":15,\"client_id\":\"rerere\",\"rateplan_id\":3,\"rateplan_name\":\"IGW Rate\",\"client_password\":\"aaaaaa\",\"retypePassword\":null,\"client_name\":\"aaa\",\"client_email\":\"aaaa@email.com\",\"client_type\":0,\"client_status_name\":\"Active\",\"client_type_name\":\"Origination\",\"prefix\":\"\",\"incoming_prefix\":null,\"incoming_to\":null,\"outgoing_prefix\":null,\"outgoing_to\":null,\"selectedIDs\":null,\"client_credit_limit\":\"00.00\",\"client_balance\":\"00.00\",\"client_call_limit\":-1,\"is_deleted\":0,\"client_level\":2,\"client_level_str\":\"Reseller\",\"parent_id\":4,\"parent_name\":null,\"old_parent_id\":0,\"transaction_by\":0,\"is_icx\":0,\"number_of_cct_or_bw\":0}','clients',0,1,'edit','rerere','res_ash'),(130,'1339498180284','{\"searchWithClientID\":false,\"searchWithStatus\":false,\"searchWithType\":false,\"swParentId\":false,\"superUser\":false,\"client_status\":0,\"id\":16,\"client_id\":\"2222\",\"rateplan_id\":1,\"rateplan_name\":\"\\u003cspan class\\u003d\\\"base_rateplan\\\"\\u003eBase Rateplan\\u003c/span\\u003e\",\"client_password\":\"222222\",\"retypePassword\":null,\"client_name\":\"22\",\"client_email\":\"aaaa@email.com\",\"client_type\":0,\"client_status_name\":\"Active\",\"client_type_name\":\"Origination\",\"prefix\":\"\",\"incoming_prefix\":null,\"incoming_to\":null,\"outgoing_prefix\":null,\"outgoing_to\":null,\"selectedIDs\":null,\"client_credit_limit\":\"00.00\",\"client_balance\":\"00.00\",\"client_call_limit\":-1,\"is_deleted\":0,\"client_level\":2,\"client_level_str\":\"Reseller\",\"parent_id\":4,\"parent_name\":null,\"old_parent_id\":0,\"transaction_by\":0,\"is_icx\":0,\"number_of_cct_or_bw\":0}','clients',0,1,'edit','2222','res_ash'),(131,'1339498392971','{\"searchWithClientID\":false,\"searchWithStatus\":false,\"searchWithType\":false,\"swParentId\":false,\"superUser\":false,\"client_status\":0,\"id\":16,\"client_id\":\"2222\",\"rateplan_id\":3,\"rateplan_name\":\"IGW Rate\",\"client_password\":\"222222\",\"retypePassword\":null,\"client_name\":\"22\",\"client_email\":\"aaaa@email.com\",\"client_type\":0,\"client_status_name\":\"Active\",\"client_type_name\":\"Origination\",\"prefix\":\"\",\"incoming_prefix\":null,\"incoming_to\":null,\"outgoing_prefix\":null,\"outgoing_to\":null,\"selectedIDs\":null,\"client_credit_limit\":\"00.00\",\"client_balance\":\"00.00\",\"client_call_limit\":-1,\"is_deleted\":0,\"client_level\":2,\"client_level_str\":\"Reseller\",\"parent_id\":4,\"parent_name\":null,\"old_parent_id\":0,\"transaction_by\":0,\"is_icx\":0,\"number_of_cct_or_bw\":0}','clients',0,1,'edit','2222','res_ash');
/*!40000 ALTER TABLE `activity_log` ENABLE KEYS */;
UNLOCK TABLES;

--
-- Table structure for table `auth_error`
--

DROP TABLE IF EXISTS `auth_error`;
/*!40101 SET @saved_cs_client     = @@character_set_client */;
/*!40101 SET character_set_client = utf8 */;
CREATE TABLE `auth_error` (
  `id` int(11) NOT NULL AUTO_INCREMENT,
  `conf_id` varchar(100) NOT NULL DEFAULT '',
  `error_cause` varchar(255) DEFAULT '',
  `inserted_time` decimal(18,0) DEFAULT '0',
  PRIMARY KEY (`id`),
  UNIQUE KEY `conf_id` (`conf_id`)
) ENGINE=MyISAM AUTO_INCREMENT=35 DEFAULT CHARSET=latin1;
/*!40101 SET character_set_client = @saved_cs_client */;

--
-- Dumping data for table `auth_error`
--

LOCK TABLES `auth_error` WRITE;
/*!40000 ALTER TABLE `auth_error` DISABLE KEYS */;
INSERT INTO `auth_error` VALUES (1,'fc9148c078a811e1a3c60014221472f1','Insufficient Balance','1332889769'),(2,'fea4a18478a811e1a3c60014221472f1','Insufficient Balance','1332889772'),(3,'010d179e78a911e1a3c60014221472f1','Insufficient Balance','1332889776'),(4,'1709182c78a911e1a3c60014221472f1','','1332889813'),(5,'5f3198f478a911e1a3c60014221472f1','','1332889934'),(6,'8cb103e678a911e1a3c60014221472f1','','1332890011'),(7,'5d851ec678aa11e1a3c60014221472f1','Insufficient Balance','1332890361'),(8,'864e6ec078aa11e1a3c60014221472f1','','1332890429'),(9,'','','1333172090'),(10,'6174acec7bc311e1a3c60014221472f1','','1333230960'),(11,'658f17c27bc311e1a3c60014221472f1','','1333230967'),(12,'1c577a127bc411e1a3c60014221472f1','','1333231274'),(13,'04ef03f87d5a11e1a3c60014221472f1','Insufficient Balance','1333405611'),(14,'253302d67d5a11e1a3c60014221472f1','Insufficient Balance','1333405665'),(15,'b57703787d5b11e1a3c60014221472f1','Insufficient Balance','1333406337'),(16,'cd6145307d5f11e1a3c60014221472f1','Insufficient Balance','1333408095'),(17,'cc914e307d6311e1a3c60014221472f1','','1333409811'),(18,'2b337efe7d6411e1a3c60014221472f1','','1333409970'),(19,'4d79e37c7d6411e1a3c60014221472f1','','1333410028'),(20,'a09a8cdc7d6411e1a3c60014221472f1','','1333410167'),(21,'e42adeac7d6411e1a3c60014221472f1','','1333410280'),(22,'8e8f956c7d7511e1a3c60014221472f1','','1333417438'),(23,'3f35e6647d7611e1a3c60014221472f1','','1333417735'),(24,'436524ac7d7611e1a3c60014221472f1','','1333417742'),(25,'895121c87d7611e1a3c60014221472f1','','1333417859'),(26,'8b79ee987d7711e1a3c60014221472f1','','1333418292'),(27,'a9f7a61c7d8b11e1a3c60014221472f1','','1333426933'),(28,'d97c5f1e7e1b11e1a3c60014221472f1','','1333488861'),(29,'713eb8407e2311e1a3c60014221472f1','','1333492122'),(30,'a4075e947e2311e1a3c60014221472f1','','1333492207'),(31,'964a26d87e2811e1a3c60014221472f1','','1333494332'),(32,'72453d6c7e2911e1a3c60014221472f1','','1333494701'),(33,'1253ce227e2a11e1a3c60014221472f1','','1333494969'),(34,'ea53730e7e2a11e1a3c60014221472f1','','1333495332');
/*!40000 ALTER TABLE `auth_error` ENABLE KEYS */;
UNLOCK TABLES;

--
-- Table structure for table `client_transactions`
--

DROP TABLE IF EXISTS `client_transactions`;
/*!40101 SET @saved_cs_client     = @@character_set_client */;
/*!40101 SET character_set_client = utf8 */;
CREATE TABLE `client_transactions` (
  `transaction_id` int(11) NOT NULL AUTO_INCREMENT,
  `client_id` int(11) NOT NULL,
  `transaction_type` tinyint(1) NOT NULL DEFAULT '1',
  `transaction_recharge` decimal(18,4) NOT NULL DEFAULT '0.0000',
  `transaction_return` decimal(18,4) NOT NULL DEFAULT '0.0000',
  `transaction_receive` decimal(18,4) NOT NULL DEFAULT '0.0000',
  `cur_balance` decimal(14,4) NOT NULL DEFAULT '0.0000',
  `transaction_des` varchar(255) DEFAULT NULL,
  `transaction_date` decimal(18,0) NOT NULL,
  `user_id` int(11) NOT NULL,
  `transaction_by` int(11) NOT NULL DEFAULT '-1',
  PRIMARY KEY (`transaction_id`)
) ENGINE=MyISAM AUTO_INCREMENT=29 DEFAULT CHARSET=latin1;
/*!40101 SET character_set_client = @saved_cs_client */;

--
-- Dumping data for table `client_transactions`
--

LOCK TABLES `client_transactions` WRITE;
/*!40000 ALTER TABLE `client_transactions` DISABLE KEYS */;
INSERT INTO `client_transactions` VALUES (1,9,1,'100.0000','0.0000','0.0000','0.0000','','1332920083005',-1,-1),(2,7,1,'100.0000','0.0000','0.0000','0.0000','','1332920083870',-1,-1),(3,4,1,'500.0000','0.0000','0.0000','0.0000','','1332920681950',-1,-1),(4,6,1,'100.0000','0.0000','0.0000','0.0000','','1332920701085',4,4),(5,5,1,'50.0000','0.0000','0.0000','0.0000','','1332920702500',4,4),(6,11,1,'500.0000','0.0000','0.0000','0.0000','','1332984495085',-1,-1),(7,12,1,'500.0000','0.0000','0.0000','0.0000','','1332984834679',11,11),(8,4,2,'0.0000','300.0000','0.0000','0.0000','','1333404697304',-1,-1),(9,5,1,'100.0000','0.0000','0.0000','0.0000','','1333404737543',4,4),(10,4,1,'100.0000','0.0000','0.0000','0.0000','','1333409784900',-1,-1),(11,4,1,'100.0000','0.0000','0.0000','0.0000','','1333427686308',6,-1),(12,11,1,'100.0000','0.0000','0.0000','0.0000','','1333428124453',-1,-1),(13,11,2,'0.0000','70.0000','0.0000','0.0000','','1333428137863',-1,-1),(14,11,3,'0.0000','0.0000','70.0000','0.0000','','1333428156257',-1,-1),(15,11,1,'20.0000','0.0000','0.0000','0.0000','','1333428183402',-1,-1),(16,13,1,'10.0000','0.0000','0.0000','0.0000','','1333486237226',-1,-1),(17,4,1,'150.0000','0.0000','0.0000','299.3201','','1336196496492',-1,-1),(18,4,1,'500.0000','0.0000','0.0000','799.3201','','1336196520559',-1,-1),(19,4,2,'0.0000','100.0000','0.0000','699.3201','','1336196549551',-1,-1),(20,4,3,'0.0000','0.0000','100.0000','699.3201','','1336196557181',-1,-1),(21,13,1,'10.0000','0.0000','0.0000','19.6593','','1336196653485',-1,-1),(22,11,1,'50.0000','0.0000','0.0000','100.0000','','1336196653487',-1,-1),(23,10,1,'60.0000','0.0000','0.0000','60.0000','','1336196653496',-1,-1),(24,4,1,'90.0000','0.0000','0.0000','789.3201','','1336196653497',-1,-1),(25,13,1,'100.0000','0.0000','0.0000','119.6593','','1337145911018',-1,-1),(26,11,1,'165.0000','0.0000','0.0000','265.0000','','1337145911018',-1,-1),(27,10,1,'900.0000','0.0000','0.0000','960.0000','','1337145911018',-1,-1),(28,4,1,'450.0000','0.0000','0.0000','1239.3201','','1337145911018',-1,-1);
/*!40000 ALTER TABLE `client_transactions` ENABLE KEYS */;
UNLOCK TABLES;

--
-- Table structure for table `clients`
--

DROP TABLE IF EXISTS `clients`;
/*!40101 SET @saved_cs_client     = @@character_set_client */;
/*!40101 SET character_set_client = utf8 */;
CREATE TABLE `clients` (
  `id` int(11) NOT NULL AUTO_INCREMENT,
  `client_id` varchar(100) NOT NULL DEFAULT '',
  `parent_id` int(11) NOT NULL DEFAULT '-1',
  `client_level` tinyint(1) NOT NULL DEFAULT '1',
  `rateplan_id` int(11) NOT NULL,
  `client_password` varchar(50) NOT NULL,
  `client_name` varchar(100) NOT NULL DEFAULT '',
  `client_email` varchar(100) NOT NULL,
  `client_type` tinyint(2) NOT NULL DEFAULT '0',
  `is_icx` tinyint(1) NOT NULL DEFAULT '0',
  `number_of_cct_or_bw` int(6) NOT NULL DEFAULT '0',
  `client_created` decimal(18,0) NOT NULL,
  `client_status` tinyint(1) NOT NULL DEFAULT '1',
  `client_credit_limit` decimal(18,4) NOT NULL DEFAULT '0.0000',
  `client_balance` decimal(18,4) NOT NULL DEFAULT '0.0000',
  `client_delete` tinyint(1) NOT NULL DEFAULT '0',
  `prefix` varchar(32) NOT NULL DEFAULT '',
  `client_call_limit` int(11) NOT NULL DEFAULT '0',
  `inserted_time` timestamp NOT NULL DEFAULT CURRENT_TIMESTAMP,
  PRIMARY KEY (`id`)
) ENGINE=MyISAM AUTO_INCREMENT=18 DEFAULT CHARSET=latin1;
/*!40101 SET character_set_client = @saved_cs_client */;

--
-- Dumping data for table `clients`
--

LOCK TABLES `clients` WRITE;
/*!40000 ALTER TABLE `clients` DISABLE KEYS */;
INSERT INTO `clients` VALUES (1,'resub',-1,2,1,'123456','','subrata@ipvisionbd.com',0,0,0,'0',0,'0.0000','0.0000',1,'',-1,'2012-03-27 02:49:07'),(2,'resub1',1,2,1,'123456','','subrata@ipvisionbd.com',0,0,0,'0',0,'0.0000','0.0000',1,'',-1,'2012-03-27 02:52:16'),(3,'subtest',2,2,1,'123456','','subrata@ipvisionbd.com',0,0,0,'0',0,'0.0000','0.0000',1,'',-1,'2012-03-27 02:53:19'),(4,'res_ash',-1,2,1,'123456789','aaaaa','aaaa@email.com',0,0,0,'0',0,'0.0000','1239.3201',0,'',-1,'2012-03-27 21:24:02'),(5,'origination',4,1,3,'123456','aaaaaa','111@email.com',0,0,0,'0',0,'0.0000','149.3104',0,'',-1,'2012-03-27 21:26:13'),(6,'termination',4,1,1,'123456','aaa','aaaa@email.com',1,0,0,'0',0,'0.0000','98.9651',0,'',-1,'2012-03-27 22:34:11'),(7,'aaaa',-1,1,1,'aaaaaa','aaaaaa','aaaa@email.com',0,0,0,'0',0,'0.0000','99.9991',1,'',-1,'2012-03-27 22:34:35'),(8,'res_ash1',-1,2,1,'aaaaaa','aaa','aaaa@email.com',0,0,0,'0',0,'0.0000','0.0000',1,'123',-1,'2012-03-27 22:46:01'),(9,'termclient',-1,1,2,'aaaaaa','aaaaa','aaaa@email.com',1,0,0,'0',0,'0.0000','99.9991',1,'',-1,'2012-03-27 23:07:53'),(10,'oweu',-1,1,4,'123456','','subrata@ipvisionbd.com',1,0,0,'0',0,'0.0000','960.0000',0,'',-1,'2012-03-28 23:12:19'),(11,'IPvision',-1,2,1,'123456','','subrata@ipvisionbd.com',0,0,0,'0',0,'0.0000','265.0000',0,'',-1,'2012-03-28 23:14:23'),(12,'VISION2',11,1,1,'123456','','subrata@ipvisionbd.com',0,0,0,'0',0,'1000.0000','500.0000',0,'',-1,'2012-03-28 23:16:33'),(13,'oweme',-1,1,1,'aaaaaa','','subrata@ipvisionbd.com',0,1,100,'0',0,'0.0000','119.6593',0,'',-1,'2012-04-03 20:49:07'),(14,'icx',4,1,1,'aaaaaa','aaaaaa','aaaa@email.com',0,1,5345,'0',0,'0.0000','0.0000',0,'',-1,'2012-04-17 09:28:44'),(15,'rerere',4,2,3,'aaaaaa','aaa','aaaa@email.com',0,0,0,'0',0,'0.0000','0.0000',0,'',-1,'2012-06-12 10:01:49'),(16,'2222',4,2,3,'222222','22','aaaa@email.com',0,0,0,'0',0,'0.0000','0.0000',0,'',-1,'2012-06-12 10:12:47'),(17,'aaaa',4,2,3,'aaaaaa','aaaa','aaaa@email.com',0,0,0,'0',0,'0.0000','0.0000',0,'',-1,'2012-06-12 10:46:26');
/*!40000 ALTER TABLE `clients` ENABLE KEYS */;
UNLOCK TABLES;

--
-- Table structure for table `current_call`
--

DROP TABLE IF EXISTS `current_call`;
/*!40101 SET @saved_cs_client     = @@character_set_client */;
/*!40101 SET character_set_client = utf8 */;
CREATE TABLE `current_call` (
  `id` int(11) NOT NULL AUTO_INCREMENT,
  `conf_id` varchar(100) NOT NULL,
  `dial_no_in` varchar(50) NOT NULL,
  `org_client_id` int(11) DEFAULT NULL,
  `org_gateway_ip` varchar(50) NOT NULL,
  `org_rateplan_id` int(11) DEFAULT NULL,
  `org_prefix` varchar(50) DEFAULT NULL,
  `org_rate_per_min` float DEFAULT NULL,
  `dial_no_out` varchar(50) NOT NULL,
  `term_client_id` int(11) DEFAULT NULL,
  `term_gateway_ip` varchar(50) NOT NULL,
  `term_rateplan_id` int(11) DEFAULT NULL,
  `term_prefix` varchar(50) DEFAULT NULL,
  `term_rate_per_min` float DEFAULT NULL,
  `setup_time` varchar(100) DEFAULT NULL,
  `connect_time` varchar(100) DEFAULT NULL,
  `disconnect_time` varchar(100) DEFAULT NULL,
  `inserted_time` decimal(18,0) DEFAULT '0',
  `status` int(11) DEFAULT NULL,
  `client_level` tinyint(1) NOT NULL DEFAULT '-1',
  PRIMARY KEY (`id`),
  UNIQUE KEY `conf_id` (`conf_id`,`org_client_id`)
) ENGINE=MyISAM AUTO_INCREMENT=41 DEFAULT CHARSET=latin1;
/*!40101 SET character_set_client = @saved_cs_client */;

--
-- Dumping data for table `current_call`
--

LOCK TABLES `current_call` WRITE;
/*!40000 ALTER TABLE `current_call` DISABLE KEYS */;
/*!40000 ALTER TABLE `current_call` ENABLE KEYS */;
UNLOCK TABLES;

--
-- Table structure for table `flamma_cdr`
--

DROP TABLE IF EXISTS `flamma_cdr`;
/*!40101 SET @saved_cs_client     = @@character_set_client */;
/*!40101 SET character_set_client = utf8 */;
CREATE TABLE `flamma_cdr` (
  `cdr_id` bigint(18) NOT NULL DEFAULT '0',
  `cdr_date` timestamp NULL DEFAULT NULL,
  `dialed_no` varchar(50) NOT NULL DEFAULT '',
  `origin_caller` varchar(50) DEFAULT NULL,
  `origin_client_id` int(11) NOT NULL,
  `origin_client_name` varchar(100) DEFAULT NULL,
  `origin_ip` varchar(15) NOT NULL DEFAULT '',
  `origin_prefix` varchar(32) DEFAULT NULL,
  `origin_destination` varchar(50) DEFAULT NULL,
  `origin_rate_id` int(11) NOT NULL DEFAULT '0',
  `origin_rate_des` varchar(100) DEFAULT NULL,
  `origin_rate` decimal(10,4) NOT NULL DEFAULT '0.0000',
  `origin_bill_amount` decimal(18,8) NOT NULL DEFAULT '0.00000000',
  `terminated_no` varchar(100) DEFAULT NULL,
  `term_caller` varchar(50) DEFAULT NULL,
  `term_client_id` int(11) NOT NULL,
  `term_client_name` varchar(100) DEFAULT NULL,
  `term_ip` varchar(15) DEFAULT NULL,
  `term_prefix` varchar(32) DEFAULT NULL,
  `term_destination` varchar(100) DEFAULT NULL,
  `term_rate_id` int(11) NOT NULL DEFAULT '0',
  `term_rate_des` varchar(100) DEFAULT NULL,
  `term_rate` decimal(10,4) NOT NULL DEFAULT '0.0000',
  `term_bill_amount` decimal(18,8) NOT NULL DEFAULT '0.00000000',
  `duration` int(11) NOT NULL,
  `paid_duration` int(11) NOT NULL DEFAULT '0',
  `connection_time` timestamp NULL DEFAULT NULL,
  `pdd` decimal(10,4) NOT NULL DEFAULT '0.0000',
  `disconnect_desc` varchar(150) DEFAULT NULL,
  `conf_id` varchar(50) DEFAULT NULL,
  `revenew_for_igw` decimal(18,8) NOT NULL DEFAULT '0.00000000',
  `revenew_for_icx` decimal(18,8) NOT NULL DEFAULT '0.00000000',
  `revenew_for_ans` decimal(18,8) NOT NULL DEFAULT '0.00000000',
  `origin_is_icx` tinyint(1) NOT NULL DEFAULT '0',
  `term_is_icx` tinyint(1) NOT NULL DEFAULT '0',
  `origin_number_of_cct_or_bw` int(6) NOT NULL DEFAULT '0',
  `term_number_of_cct_or_bw` int(6) NOT NULL DEFAULT '0',
  `client_level` tinyint(1) NOT NULL DEFAULT '-1',
  PRIMARY KEY (`cdr_id`,`origin_client_id`),
  UNIQUE KEY `origin_client_id` (`origin_client_id`,`conf_id`)
) ENGINE=MyISAM DEFAULT CHARSET=latin1;
/*!40101 SET character_set_client = @saved_cs_client */;

--
-- Dumping data for table `flamma_cdr`
--

LOCK TABLES `flamma_cdr` WRITE;
/*!40000 ALTER TABLE `flamma_cdr` DISABLE KEYS */;
INSERT INTO `flamma_cdr` VALUES (201203000000000102,'2012-03-28 01:38:18','8801717118345','2525',7,'aaaa','38.108.92.37','880','BD WHITEsdfsad',40,'Orgrate','0.0020','0.00000000','008801717118345','2525',9,'termclient','38.108.92.156','00880','BDW',39,'Termrate','0.0020','0.00000000',0,70,'2012-03-28 01:38:18','0.0000','Received AccessReject For AccessRequest','fc9148c078a811e1a3c60014221472f1','0.00000000','0.00000000','0.00000000',1,1,0,0,-1),(201203000000000103,'2012-03-28 01:38:21','8801717118345','2525',7,'aaaa','38.108.92.37','880','BD WHITEsdfsad',40,'Orgrate','0.0020','0.00000000','008801717118345','2525',9,'termclient','38.108.92.156','00880','BDW',39,'Termrate','0.0020','0.00000000',0,70,'2012-03-28 01:38:21','0.0000','Received AccessReject For AccessRequest','fea4a18478a811e1a3c60014221472f1','0.00000000','0.00000000','0.00000000',1,1,0,0,-1),(201203000000000104,'2012-03-28 01:38:26','8801717118345','2525',7,'aaaa','38.108.92.37','880','BD WHITEsdfsad',40,'Orgrate','0.0020','0.00000000','008801717118345','2525',9,'termclient','38.108.92.156','00880','BDW',39,'Termrate','0.0020','0.00000000',0,70,'2012-03-28 01:38:26','0.0000','Received AccessReject For AccessRequest','010d179e78a911e1a3c60014221472f1','0.00000000','0.00000000','0.00000000',1,1,0,0,-1),(201203000000000105,'2012-03-28 01:39:02','8801717118345','2525',7,'aaaa','','880','BD WHITEsdfsad',40,'Orgrate','0.0020','0.00003000','008801717118345','2525',9,'termclient','38.108.92.156','00880','BDW',39,'Termrate','0.0020','0.00003000',549,150,'2012-03-28 01:39:22','19.6670','[SIP] BYE received','1709182c78a911e1a3c60014221472f1','0.00000000','0.00000000','0.00000000',1,1,0,0,-1),(201203000000000106,'2012-03-28 01:41:03','8801717118345','2525',7,'aaaa','','880','BD WHITEsdfsad',40,'Orgrate','0.0020','0.00050000','008801717118345','2525',9,'termclient','38.108.92.156','00880','BDW',39,'Termrate','0.0020','0.00050000',14537,150,'2012-03-28 01:41:16','12.1880','[SIP] BYE received','5f3198f478a911e1a3c60014221472f1','0.00000000','0.00000000','0.00000000',1,1,0,0,-1),(201203000000000107,'2012-03-28 01:42:20','8801717634317','2525',7,'aaaa','38.108.92.37','880','BD WHITEsdfsad',40,'Orgrate','0.0020','0.00040000','008801717634317','2525',9,'termclient','38.108.92.156','00880','BDW',39,'Termrate','0.0020','0.00040000',11512,150,'2012-03-28 01:42:30','9.7970','[SIP] BYE received','8cb103e678a911e1a3c60014221472f1','0.00000000','0.00000000','0.00000000',1,1,0,0,-1),(201203000000000108,'2012-03-28 01:48:10','8801717634317','2525',5,'origination','38.108.92.37','880','BD WHITEsdfsad',40,'Orgrate','0.0020','0.00000000','008801717634317','2525',6,'termination','38.108.92.156','00880','BD Prime',37,'Orgrate','0.0350','0.00000000',0,70,'2012-03-28 01:48:10','0.0000','Received AccessReject For AccessRequest','5d851ec678aa11e1a3c60014221472f1','0.00000000','0.00000000','0.00000000',1,1,0,0,-1),(201203000000000108,'2012-03-28 01:48:10','8801717634317','2525',4,'res_ash','38.108.92.37','880','BD WHITEsdfsad',40,'Orgrate','0.0020','0.00000000','008801717634317','2525',6,'termination','38.108.92.156','00880','BD Prime',37,'Orgrate','0.0350','0.00000000',0,70,'2012-03-28 01:48:10','0.0000','Received AccessReject For AccessRequest','5d851ec678aa11e1a3c60014221472f1','0.00000000','0.00000000','0.00000000',1,1,0,0,-1),(201203000000000109,'2012-03-28 01:49:19','8801717634317','2525',5,'origination','38.108.92.37','880','BD WHITEsdfsad',40,'Orgrate','0.0020','0.00086000','008801717634317','2525',6,'termination','38.108.92.156','00880','BD Prime',37,'Orgrate','0.0350','0.01516000',25491,150,'2012-03-28 01:49:35','16.1820','[SIP] BYE received','864e6ec078aa11e1a3c60014221472f1','0.00000000','0.00000000','0.00000000',1,1,0,0,-1),(201203000000000109,'2012-03-28 01:49:19','8801717634317','2525',4,'res_ash','38.108.92.37','880','BD WHITEsdfsad',40,'Orgrate','0.0020','0.00086000','008801717634317','2525',6,'termination','38.108.92.156','00880','BD Prime',37,'Orgrate','0.0350','0.01516000',25491,150,'2012-03-28 01:49:35','16.1820','[SIP] BYE received','864e6ec078aa11e1a3c60014221472f1','0.00000000','0.00000000','0.00000000',1,1,0,0,-1),(201204000000000001,'2012-03-31 23:24:48','8801717634317','2525',5,'origination','38.108.92.37','880','BD WHITEsdfsad',40,'Orgrate','0.0020','0.00000000','008801717634317','2525',6,'termination','38.108.92.156','00880','BD Prime',37,'Orgrate','0.0350','0.00000000',0,70,'2012-03-31 23:24:50','0.0000','Not Found','6174acec7bc311e1a3c60014221472f1','0.00000000','0.00000000','0.00000000',1,1,0,0,-1),(201204000000000001,'2012-03-31 23:24:48','8801717634317','2525',4,'res_ash','38.108.92.37','880','BD WHITEsdfsad',40,'Orgrate','0.0020','0.00000000','008801717634317','2525',6,'termination','38.108.92.156','00880','BD Prime',37,'Orgrate','0.0350','0.00000000',0,70,'2012-03-31 23:24:50','0.0000','Not Found','6174acec7bc311e1a3c60014221472f1','0.00000000','0.00000000','0.00000000',1,1,0,0,-1),(201204000000000002,'2012-03-31 23:24:55','8801717634317','2525',5,'origination','38.108.92.37','880','BD WHITEsdfsad',40,'Orgrate','0.0020','0.00000000','008801717634317','2525',6,'termination','38.108.92.156','00880','BD Prime',37,'Orgrate','0.0350','0.00000000',0,70,'2012-03-31 23:25:11','0.0000','Request Terminated','658f17c27bc311e1a3c60014221472f1','0.00000000','0.00000000','0.00000000',1,1,0,0,-1),(201204000000000002,'2012-03-31 23:24:55','8801717634317','2525',4,'res_ash','38.108.92.37','880','BD WHITEsdfsad',40,'Orgrate','0.0020','0.00000000','008801717634317','2525',6,'termination','38.108.92.156','00880','BD Prime',37,'Orgrate','0.0350','0.00000000',0,70,'2012-03-31 23:25:11','0.0000','Request Terminated','658f17c27bc311e1a3c60014221472f1','0.00000000','0.00000000','0.00000000',1,1,0,0,-1),(201204000000000003,'2012-03-31 23:30:01','8801717634317','2525',5,'origination','38.108.92.37','880','BD WHITEsdfsad',40,'Orgrate','0.0020','0.00000000','008801717634317','2525',6,'termination','38.108.92.156','00880','BD Prime',37,'Orgrate','0.0350','0.00000000',0,70,'2012-03-31 23:30:30','0.0000','Request Terminated','1c577a127bc411e1a3c60014221472f1','0.00000000','0.00000000','0.00000000',1,1,0,0,-1),(201204000000000003,'2012-03-31 23:30:01','8801717634317','2525',4,'res_ash','38.108.92.37','880','BD WHITEsdfsad',40,'Orgrate','0.0020','0.00000000','008801717634317','2525',6,'termination','38.108.92.156','00880','BD Prime',37,'Orgrate','0.0350','0.00000000',0,70,'2012-03-31 23:30:30','0.0000','Request Terminated','1c577a127bc411e1a3c60014221472f1','0.00000000','0.00000000','0.00000000',1,1,0,0,-1),(201204000000000012,'2012-04-02 23:55:38','8801717118345','918017292914',5,'origination','38.108.92.37','880','BD IGW',42,'IGW Rate','0.0355','0.00000000','008801717118345','918017292914',6,'termination','38.108.92.156','00880','BD Prime',37,'Orgrate','0.0350','0.00000000',0,70,'2012-04-02 23:55:38','0.0000','Received AccessReject For AccessRequest','04ef03f87d5a11e1a3c60014221472f1','0.00000000','0.00000000','0.00000000',1,1,0,0,-1),(201204000000000012,'2012-04-02 23:55:38','8801717118345','918017292914',4,'res_ash','38.108.92.37','880','BD Prime',41,'Orgrate','0.0350','0.00000000','008801717118345','918017292914',6,'termination','38.108.92.156','00880','BD Prime',37,'Orgrate','0.0350','0.00000000',0,70,'2012-04-02 23:55:38','0.0000','Received AccessReject For AccessRequest','04ef03f87d5a11e1a3c60014221472f1','0.00000000','0.00000000','0.00000000',1,1,0,0,-1),(201204000000000013,'2012-04-02 23:56:32','8801717118345','918017292914',5,'origination','38.108.92.37','880','BD IGW',42,'IGW Rate','0.0355','0.00000000','008801717118345','918017292914',6,'termination','38.108.92.156','00880','BD Prime',37,'Orgrate','0.0350','0.00000000',0,70,'2012-04-02 23:56:32','0.0000','Received AccessReject For AccessRequest','253302d67d5a11e1a3c60014221472f1','0.00000000','0.00000000','0.00000000',1,1,0,0,-1),(201204000000000013,'2012-04-02 23:56:32','8801717118345','918017292914',4,'res_ash','38.108.92.37','880','BD Prime',41,'Orgrate','0.0350','0.00000000','008801717118345','918017292914',6,'termination','38.108.92.156','00880','BD Prime',37,'Orgrate','0.0350','0.00000000',0,70,'2012-04-02 23:56:32','0.0000','Received AccessReject For AccessRequest','253302d67d5a11e1a3c60014221472f1','0.00000000','0.00000000','0.00000000',1,1,0,0,-1),(201204000000000014,'2012-04-03 00:07:43','8801717118345','918017292914',5,'origination','38.108.92.37','880','BD IGW',42,'IGW Rate','0.0355','0.00000000','008801717118345','918017292914',6,'termination','38.108.92.156','00880','BD Prime',37,'Orgrate','0.0350','0.00000000',0,70,'2012-04-03 00:07:43','0.0000','Received AccessReject For AccessRequest','b57703787d5b11e1a3c60014221472f1','0.00000000','0.00000000','0.00000000',1,1,0,0,-1),(201204000000000014,'2012-04-03 00:07:43','8801717118345','918017292914',4,'res_ash','38.108.92.37','880','BD Prime',41,'Orgrate','0.0350','0.00000000','008801717118345','918017292914',6,'termination','38.108.92.156','00880','BD Prime',37,'Orgrate','0.0350','0.00000000',0,70,'2012-04-03 00:07:43','0.0000','Received AccessReject For AccessRequest','b57703787d5b11e1a3c60014221472f1','0.00000000','0.00000000','0.00000000',1,1,0,0,-1),(201204000000000015,'2012-04-03 00:37:02','8801717118345','918017292914',5,'origination','38.108.92.37','880','BD IGW',42,'IGW Rate','0.0355','0.00000000','008801717118345','918017292914',6,'termination','38.108.92.156','00880','BD Prime',37,'Orgrate','0.0350','0.00000000',0,70,'2012-04-03 00:37:02','0.0000','Received AccessReject For AccessRequest','cd6145307d5f11e1a3c60014221472f1','0.00000000','0.00000000','0.00000000',1,1,0,0,-1),(201204000000000015,'2012-04-03 00:37:02','8801717118345','918017292914',4,'res_ash','38.108.92.37','880','BD Prime',41,'Orgrate','0.0350','0.00000000','008801717118345','918017292914',6,'termination','38.108.92.156','00880','BD Prime',37,'Orgrate','0.0350','0.00000000',0,70,'2012-04-03 00:37:02','0.0000','Received AccessReject For AccessRequest','cd6145307d5f11e1a3c60014221472f1','0.00000000','0.00000000','0.00000000',1,1,0,0,-1),(201204000000000016,'2012-04-03 01:05:38','8801717118345','918017292914',5,'origination','38.108.92.37','880','BD IGW',42,'IGW Rate','0.0355','0.04023000','008801717118345','918017292914',6,'termination','38.108.92.156','00880','BD Prime',37,'Orgrate','0.0350','0.03966000',67783,70,'2012-04-03 01:05:50','12.2680','[SIP] BYE received','cc914e307d6311e1a3c60014221472f1','0.00000000','0.00000000','0.00000000',1,1,0,0,-1),(201204000000000016,'2012-04-03 01:05:38','8801717118345','918017292914',4,'res_ash','38.108.92.37','880','BD Prime',41,'Orgrate','0.0350','0.03966000','008801717118345','918017292914',6,'termination','38.108.92.156','00880','BD Prime',37,'Orgrate','0.0350','0.03966000',67783,70,'2012-04-03 01:05:50','12.2680','[SIP] BYE received','cc914e307d6311e1a3c60014221472f1','0.00000000','0.00000000','0.00000000',1,1,0,0,-1),(201204000000000017,'2012-04-03 01:08:17','8801717118345','918017292914',5,'origination','38.108.92.37','880','BD IGW',42,'IGW Rate','0.0355','0.01834000','008801717118345','918017292914',6,'termination','38.108.92.156','00880','BD Prime',37,'Orgrate','0.0350','0.01808000',30590,70,'2012-04-03 01:08:31','14.2870','[SIP] BYE received','2b337efe7d6411e1a3c60014221472f1','0.00000000','0.00000000','0.00000000',1,1,0,0,-1),(201204000000000017,'2012-04-03 01:08:17','8801717118345','918017292914',4,'res_ash','38.108.92.37','880','BD Prime',41,'Orgrate','0.0350','0.01808000','008801717118345','918017292914',6,'termination','38.108.92.156','00880','BD Prime',37,'Orgrate','0.0350','0.01808000',30590,70,'2012-04-03 01:08:31','14.2870','[SIP] BYE received','2b337efe7d6411e1a3c60014221472f1','0.00000000','0.00000000','0.00000000',1,1,0,0,-1),(201204000000000018,'2012-04-03 01:09:14','8801717118345','918017292914',5,'origination','38.108.92.37','880','BD IGW',42,'IGW Rate','0.0355','0.00000000','008801717118345','918017292914',6,'termination','38.108.92.156','00880','BD Prime',37,'Orgrate','0.0350','0.00000000',0,70,'2012-04-03 01:09:40','0.0000','Server Internal Error','4d79e37c7d6411e1a3c60014221472f1','0.00000000','0.00000000','0.00000000',1,1,0,0,-1),(201204000000000018,'2012-04-03 01:09:14','8801717118345','918017292914',4,'res_ash','38.108.92.37','880','BD Prime',41,'Orgrate','0.0350','0.00000000','008801717118345','918017292914',6,'termination','38.108.92.156','00880','BD Prime',37,'Orgrate','0.0350','0.00000000',0,70,'2012-04-03 01:09:40','0.0000','Server Internal Error','4d79e37c7d6411e1a3c60014221472f1','0.00000000','0.00000000','0.00000000',1,1,0,0,-1),(201204000000000019,'2012-04-03 01:11:34','8801717118345','918017292914',5,'origination','38.108.92.37','880','BD IGW',42,'IGW Rate','0.0355','0.00000000','008801717118345','918017292914',6,'termination','38.108.92.156','00880','BD Prime',37,'Orgrate','0.0350','0.00000000',0,70,'2012-04-03 01:12:47','10.6430','Server Internal Error','a09a8cdc7d6411e1a3c60014221472f1','0.00000000','0.00000000','0.00000000',1,1,0,0,-1),(201204000000000019,'2012-04-03 01:11:34','8801717118345','918017292914',4,'res_ash','38.108.92.37','880','BD Prime',41,'Orgrate','0.0350','0.00000000','008801717118345','918017292914',6,'termination','38.108.92.156','00880','BD Prime',37,'Orgrate','0.0350','0.00000000',0,70,'2012-04-03 01:12:47','10.6430','Server Internal Error','a09a8cdc7d6411e1a3c60014221472f1','0.00000000','0.00000000','0.00000000',1,1,0,0,-1),(201204000000000020,'2012-04-03 01:13:27','8801717118345','918017292914',5,'origination','38.108.92.37','880','BD IGW',42,'IGW Rate','0.0355','0.24849000','008801717118345','918017292914',6,'termination','38.108.92.156','00880','BD Prime',37,'Orgrate','0.0350','0.24500000',419004,70,'2012-04-03 01:13:40','8.9450','[SIP] BYE received','e42adeac7d6411e1a3c60014221472f1','0.00000000','0.00000000','0.00000000',1,1,0,0,-1),(201204000000000020,'2012-04-03 01:13:27','8801717118345','918017292914',4,'res_ash','38.108.92.37','880','BD Prime',41,'Orgrate','0.0350','0.24500000','008801717118345','918017292914',6,'termination','38.108.92.156','00880','BD Prime',37,'Orgrate','0.0350','0.24500000',419004,70,'2012-04-03 01:13:40','8.9450','[SIP] BYE received','e42adeac7d6411e1a3c60014221472f1','0.00000000','0.00000000','0.00000000',1,1,0,0,-1),(201204000000000021,'2012-04-03 03:12:45','8801717118345','918017292914',5,'origination','38.108.92.37','880','BD IGW',42,'IGW Rate','0.0355','0.15087000','008801717118345','918017292914',6,'termination','38.108.92.156','00880','BD Prime',37,'Orgrate','0.0350','0.14875000',254467,70,'2012-04-03 03:12:57','11.9520','[SIP] BYE received','8e8f956c7d7511e1a3c60014221472f1','0.00000000','0.00000000','0.00000000',1,1,0,0,-1),(201204000000000021,'2012-04-03 03:12:45','8801717118345','918017292914',4,'res_ash','38.108.92.37','880','BD Prime',41,'Orgrate','0.0350','0.14875000','008801717118345','918017292914',6,'termination','38.108.92.156','00880','BD Prime',37,'Orgrate','0.0350','0.14875000',254467,70,'2012-04-03 03:12:57','11.9520','[SIP] BYE received','8e8f956c7d7511e1a3c60014221472f1','0.00000000','0.00000000','0.00000000',1,1,0,0,-1),(201204000000000022,'2012-04-03 03:17:41','8801717118345','918017292914',5,'origination','38.108.92.37','880','BD IGW',42,'IGW Rate','0.0355','0.00000000','008801717118345','918017292914',6,'termination','38.108.92.156','00880','BD Prime',37,'Orgrate','0.0350','0.00000000',0,70,'2012-04-03 03:17:42','0.0000','Forbidden','3f35e6647d7611e1a3c60014221472f1','0.00000000','0.00000000','0.00000000',1,1,0,0,-1),(201204000000000022,'2012-04-03 03:17:41','8801717118345','918017292914',4,'res_ash','38.108.92.37','880','BD Prime',41,'Orgrate','0.0350','0.00000000','008801717118345','918017292914',6,'termination','38.108.92.156','00880','BD Prime',37,'Orgrate','0.0350','0.00000000',0,70,'2012-04-03 03:17:42','0.0000','Forbidden','3f35e6647d7611e1a3c60014221472f1','0.00000000','0.00000000','0.00000000',1,1,0,0,-1),(201204000000000023,'2012-04-03 03:17:48','8801717118345','918017292914',5,'origination','38.108.92.37','880','BD IGW',42,'IGW Rate','0.0355','0.00000000','008801717118345','918017292914',6,'termination','38.108.92.156','00880','BD Prime',37,'Orgrate','0.0350','0.00000000',0,70,'2012-04-03 03:18:14','0.0000','Not Found','436524ac7d7611e1a3c60014221472f1','0.00000000','0.00000000','0.00000000',1,1,0,0,-1),(201204000000000023,'2012-04-03 03:17:48','8801717118345','918017292914',4,'res_ash','38.108.92.37','880','BD Prime',41,'Orgrate','0.0350','0.00000000','008801717118345','918017292914',6,'termination','38.108.92.156','00880','BD Prime',37,'Orgrate','0.0350','0.00000000',0,70,'2012-04-03 03:18:14','0.0000','Not Found','436524ac7d7611e1a3c60014221472f1','0.00000000','0.00000000','0.00000000',1,1,0,0,-1),(201204000000000024,'2012-04-03 03:19:46','8801717118345','918017292914',5,'origination','38.108.92.37','880','BD IGW',42,'IGW Rate','0.0355','0.02189000','008801717118345','918017292914',6,'termination','38.108.92.156','00880','BD Prime',37,'Orgrate','0.0350','0.02158000',36434,70,'2012-04-03 03:20:06','20.7250','[SIP] BYE received','895121c87d7611e1a3c60014221472f1','0.00000000','0.00000000','0.00000000',1,1,0,0,-1),(201204000000000024,'2012-04-03 03:19:46','8801717118345','918017292914',4,'res_ash','38.108.92.37','880','BD Prime',41,'Orgrate','0.0350','0.02158000','008801717118345','918017292914',6,'termination','38.108.92.156','00880','BD Prime',37,'Orgrate','0.0350','0.02158000',36434,70,'2012-04-03 03:20:06','20.7250','[SIP] BYE received','895121c87d7611e1a3c60014221472f1','0.00000000','0.00000000','0.00000000',1,1,0,0,-1),(201204000000000025,'2012-04-03 03:26:59','8801717118345','918017292914',5,'origination','38.108.92.37','880','BD IGW',42,'IGW Rate','0.0355','0.13667000','008801717118345','918017292914',6,'termination','38.108.92.156','00880','BD Prime',37,'Orgrate','0.0350','0.13475000',230890,70,'2012-04-03 03:27:30','30.7610','[SIP] BYE received','8b79ee987d7711e1a3c60014221472f1','0.00000000','0.00000000','0.00000000',1,1,0,0,-1),(201204000000000025,'2012-04-03 03:26:59','8801717118345','918017292914',4,'res_ash','38.108.92.37','880','BD Prime',41,'Orgrate','0.0350','0.13475000','008801717118345','918017292914',6,'termination','38.108.92.156','00880','BD Prime',37,'Orgrate','0.0350','0.13475000',230890,70,'2012-04-03 03:27:30','30.7610','[SIP] BYE received','8b79ee987d7711e1a3c60014221472f1','0.00000000','0.00000000','0.00000000',1,1,0,0,-1),(201204000000000026,'2012-04-03 05:51:00','8801717118345','918017292914',5,'origination','38.108.92.37','880','BD IGW',42,'IGW Rate','0.0355','0.07218000','008801717118345','918017292914',6,'termination','38.108.92.156','00880','BD Prime',37,'Orgrate','0.0350','0.07116000',121497,70,'2012-04-03 05:51:13','9.1850','[SIP] BYE received','a9f7a61c7d8b11e1a3c60014221472f1','0.00000000','0.00000000','0.00000000',1,1,0,0,-1),(201204000000000026,'2012-04-03 05:51:00','8801717118345','918017292914',4,'res_ash','38.108.92.37','880','BD Prime',41,'Orgrate','0.0350','0.07116000','008801717118345','918017292914',6,'termination','38.108.92.156','00880','BD Prime',37,'Orgrate','0.0350','0.07116000',121497,70,'2012-04-03 05:51:13','9.1850','[SIP] BYE received','a9f7a61c7d8b11e1a3c60014221472f1','0.00000000','0.00000000','0.00000000',1,1,0,0,-1),(201204000000000027,'2012-04-03 23:03:07','8801717118345','918017292914',13,'oweme','38.108.92.78','880','BD Prime',41,'Orgrate','0.0350','0.10675000','008801717118345','918017292914',6,'termination','38.108.92.156','00880','BD Prime',37,'Orgrate','0.0350','0.10675000',182912,70,'2012-04-03 23:03:38','27.4740','[SIP] BYE received','d97c5f1e7e1b11e1a3c60014221472f1','0.00000000','0.00000000','0.00000000',1,1,0,0,-1),(201204000000000028,'2012-04-03 23:57:28','8801717118345','918017292914',13,'oweme','38.108.92.78','880','BD Prime',41,'Orgrate','0.0350','0.00000000','008801717118345','918017292914',6,'termination','38.108.92.156','00880','BD Prime',37,'Orgrate','0.0350','0.00000000',0,70,'2012-04-03 23:57:44','0.0000','Request Terminated','713eb8407e2311e1a3c60014221472f1','0.00000000','0.00000000','0.00000000',1,1,0,0,-1),(201204000000000029,'2012-04-03 23:58:53','8801717118345','918017292914',13,'oweme','38.108.92.78','880','BD Prime',41,'Orgrate','0.0350','0.00000000','008801717118345','918017292914',0,'','38.127.68.203','','',0,'','0.0000','0.00000000',0,70,'2012-04-03 23:58:53','0.0000','[SIP] Socket error','a4075e947e2311e1a3c60014221472f1','0.00000000','0.00000000','0.00000000',1,1,0,0,-1),(201204000000000031,'2012-04-04 00:34:18','8801717118345','918017292914',13,'oweme','38.108.92.78','880','BD Prime',41,'Orgrate','0.0350','0.00000000','008801717118345','918017292914',0,'','38.127.68.203','','',0,'','0.0000','0.00000000',0,70,'2012-04-04 00:34:18','0.0000','[SIP] Socket error','964a26d87e2811e1a3c60014221472f1','0.00000000','0.00000000','0.00000000',1,1,0,0,-1),(201204000000000033,'2012-04-04 00:40:27','8801717118345','918017292914',13,'oweme','38.108.92.78','880','BD Prime',41,'Orgrate','0.0350','0.00000000','008801717118345','918017292914',0,'','38.127.68.203','','',0,'','0.0000','0.00000000',0,70,'2012-04-04 00:40:27','0.0000','[SIP] Socket error','72453d6c7e2911e1a3c60014221472f1','0.00000000','0.00000000','0.00000000',1,1,0,0,-1),(201204000000000035,'2012-04-04 00:44:56','8801717118345','918017292914',13,'oweme','38.108.92.78','880','BD Prime',41,'Orgrate','0.0350','0.00816000','008801717118345','918017292914',6,'termination','38.108.92.156','00880','BD Prime',37,'Orgrate','0.0350','0.00816000',13260,70,'2012-04-04 00:45:13','17.5270','[SIP] BYE received','1253ce227e2a11e1a3c60014221472f1','0.00000000','0.00000000','0.00000000',1,1,0,0,-1),(201204000000000036,'2012-04-04 00:50:58','8801717118345','918017292914',13,'oweme','','880','BD Prime',41,'Orgrate','0.0350','0.02216000','008801717118345','918017292914',6,'termination','38.108.92.156','00880','BD Prime',37,'Orgrate','0.0350','0.02216000',37302,70,'2012-04-04 00:51:10','12.3120','[SIP] BYE received','ea53730e7e2a11e1a3c60014221472f1','0.00000000','0.00000000','0.00000000',1,1,0,0,-1);
/*!40000 ALTER TABLE `flamma_cdr` ENABLE KEYS */;
UNLOCK TABLES;

--
-- Table structure for table `gateway`
--

DROP TABLE IF EXISTS `gateway`;
/*!40101 SET @saved_cs_client     = @@character_set_client */;
/*!40101 SET character_set_client = utf8 */;
CREATE TABLE `gateway` (
  `id` int(11) NOT NULL AUTO_INCREMENT,
  `gateway_name` varchar(100) NOT NULL,
  `gateway_ip` varchar(15) NOT NULL,
  `gateway_status` tinyint(1) NOT NULL DEFAULT '0',
  `gateway_type` tinyint(1) NOT NULL DEFAULT '0',
  `client_id` int(11) NOT NULL,
  `gateway_delete` tinyint(1) NOT NULL DEFAULT '0',
  `inserted_time` timestamp NOT NULL DEFAULT CURRENT_TIMESTAMP,
  `owner_id` int(11) NOT NULL DEFAULT '-1',
  PRIMARY KEY (`id`)
) ENGINE=MyISAM AUTO_INCREMENT=9 DEFAULT CHARSET=latin1;
/*!40101 SET character_set_client = @saved_cs_client */;

--
-- Dumping data for table `gateway`
--

LOCK TABLES `gateway` WRITE;
/*!40000 ALTER TABLE `gateway` DISABLE KEYS */;
INSERT INTO `gateway` VALUES (1,'admin_org_gate','38.108.92.37',0,0,7,1,'2012-03-27 23:08:18',-1),(2,'admin_term_gate','38.108.92.156',0,1,9,1,'2012-03-27 23:08:40',-1),(3,'res_org','38.108.92.37',0,0,5,0,'2012-03-27 23:18:03',4),(4,'res_term','38.108.92.156',0,1,6,0,'2012-03-27 23:18:24',4),(5,'v38','38.108.92.38',0,0,10,1,'2012-03-28 23:37:49',-1),(6,'vision76','38.108.92.76',1,0,12,0,'2012-03-28 23:43:15',11),(7,'pay73','38.108.92.78',0,0,13,0,'2012-04-03 20:54:02',-1),(8,'get38','38.127.68.203',0,1,10,0,'2012-04-03 20:55:48',-1);
/*!40000 ALTER TABLE `gateway` ENABLE KEYS */;
UNLOCK TABLES;

--
-- Table structure for table `invoice`
--

DROP TABLE IF EXISTS `invoice`;
/*!40101 SET @saved_cs_client     = @@character_set_client */;
/*!40101 SET character_set_client = utf8 */;
CREATE TABLE `invoice` (
  `id` int(11) NOT NULL AUTO_INCREMENT,
  `cid` int(11) NOT NULL,
  `client_id` varchar(100) DEFAULT NULL,
  `client_name` varchar(100) DEFAULT NULL,
  `client_email` varchar(100) DEFAULT NULL,
  `company_name` varchar(100) DEFAULT NULL,
  `company_address` varchar(255) DEFAULT NULL,
  `company_location` varchar(32) DEFAULT NULL,
  `logo` blob,
  `footer` text,
  `start_date` varchar(30) NOT NULL,
  `end_date` varchar(30) NOT NULL,
  `invoice_date` varchar(30) DEFAULT NULL,
  `invoice_created_by` int(11) NOT NULL DEFAULT '-1',
  PRIMARY KEY (`id`)
) ENGINE=MyISAM AUTO_INCREMENT=2 DEFAULT CHARSET=latin1;
/*!40101 SET character_set_client = @saved_cs_client */;

--
-- Dumping data for table `invoice`
--

LOCK TABLES `invoice` WRITE;
/*!40000 ALTER TABLE `invoice` DISABLE KEYS */;
INSERT INTO `invoice` VALUES (1,5,'origination','aaaaaa','111@email.com','IPvision Ltd.','44/9 Panthapath, North Dhanmondi, Dhaka-1205','Dhaka, Bangladesh','logo.jpg','Powered by IPvision Ltd.','3/4/2012','3/4/2012','3/4/2012',4);
/*!40000 ALTER TABLE `invoice` ENABLE KEYS */;
UNLOCK TABLES;

--
-- Table structure for table `mvts_dialplan`
--

DROP TABLE IF EXISTS `mvts_dialplan`;
/*!40101 SET @saved_cs_client     = @@character_set_client */;
/*!40101 SET character_set_client = utf8 */;
CREATE TABLE `mvts_dialplan` (
  `id` int(11) NOT NULL AUTO_INCREMENT,
  `dialplan_id` int(11) NOT NULL DEFAULT '-1',
  `client_id` int(11) NOT NULL DEFAULT '-1',
  `status` tinyint(1) NOT NULL DEFAULT '0',
  `is_deleted` tinyint(1) NOT NULL DEFAULT '0',
  PRIMARY KEY (`id`)
) ENGINE=MyISAM AUTO_INCREMENT=4 DEFAULT CHARSET=latin1;
/*!40101 SET character_set_client = @saved_cs_client */;

--
-- Dumping data for table `mvts_dialplan`
--

LOCK TABLES `mvts_dialplan` WRITE;
/*!40000 ALTER TABLE `mvts_dialplan` DISABLE KEYS */;
INSERT INTO `mvts_dialplan` VALUES (2,82,4,0,0),(3,83,-1,0,0);
/*!40000 ALTER TABLE `mvts_dialplan` ENABLE KEYS */;
UNLOCK TABLES;

--
-- Table structure for table `mvts_rateplan`
--

DROP TABLE IF EXISTS `mvts_rateplan`;
/*!40101 SET @saved_cs_client     = @@character_set_client */;
/*!40101 SET character_set_client = utf8 */;
CREATE TABLE `mvts_rateplan` (
  `rateplan_id` int(11) NOT NULL AUTO_INCREMENT,
  `rateplan_name` varchar(100) NOT NULL,
  `rateplan_des` varchar(100) NOT NULL,
  `rateplan_status` tinyint(1) NOT NULL DEFAULT '1',
  `rateplan_delete` tinyint(1) NOT NULL DEFAULT '0',
  `rateplan_create_date` decimal(18,0) NOT NULL,
  `client_id` int(11) NOT NULL DEFAULT '-1',
  `user_id` int(11) NOT NULL,
  PRIMARY KEY (`rateplan_id`)
) ENGINE=MyISAM AUTO_INCREMENT=5 DEFAULT CHARSET=latin1;
/*!40101 SET character_set_client = @saved_cs_client */;

--
-- Dumping data for table `mvts_rateplan`
--

LOCK TABLES `mvts_rateplan` WRITE;
/*!40000 ALTER TABLE `mvts_rateplan` DISABLE KEYS */;
INSERT INTO `mvts_rateplan` VALUES (1,'Orgrate','SellRate',0,0,'1332814650079',-1,-1),(2,'Termrate','BuyRate',0,1,'1332815849329',-1,-1),(3,'IGW Rate','',0,0,'1333337473420',4,4),(4,'Termrate','',0,0,'1333429151268',-1,-1);
/*!40000 ALTER TABLE `mvts_rateplan` ENABLE KEYS */;
UNLOCK TABLES;

--
-- Table structure for table `mvts_rates`
--

DROP TABLE IF EXISTS `mvts_rates`;
/*!40101 SET @saved_cs_client     = @@character_set_client */;
/*!40101 SET character_set_client = utf8 */;
CREATE TABLE `mvts_rates` (
  `id` int(11) NOT NULL AUTO_INCREMENT,
  `rate_id` int(11) NOT NULL DEFAULT '0',
  `rateplan_id` int(11) NOT NULL DEFAULT '0',
  `rate_destination_code` varchar(32) NOT NULL,
  `rate_destination_name` varchar(50) NOT NULL,
  `rate_per_min` decimal(10,4) NOT NULL DEFAULT '0.0000',
  `rate_first_pulse` tinyint(2) NOT NULL DEFAULT '0',
  `rate_next_pulse` tinyint(2) NOT NULL DEFAULT '0',
  `rate_grace_period` tinyint(2) NOT NULL DEFAULT '0',
  `rate_failed_period` tinyint(2) NOT NULL DEFAULT '0',
  `rate_day` int(1) NOT NULL DEFAULT '0',
  `rate_from_hour` tinyint(2) NOT NULL DEFAULT '0',
  `rate_from_min` tinyint(2) NOT NULL DEFAULT '0',
  `rate_to_hour` tinyint(2) NOT NULL DEFAULT '0',
  `rate_to_min` tinyint(2) NOT NULL DEFAULT '0',
  `rate_created_date` decimal(18,0) NOT NULL,
  `rate_delete_time` decimal(18,0) DEFAULT '0',
  `delete_time` decimal(18,0) DEFAULT '0',
  `rate_status` tinyint(1) NOT NULL DEFAULT '0',
  `rate_delete` tinyint(1) NOT NULL DEFAULT '0',
  `user_id` int(11) NOT NULL,
  PRIMARY KEY (`id`)
) ENGINE=MyISAM AUTO_INCREMENT=10 DEFAULT CHARSET=latin1;
/*!40101 SET character_set_client = @saved_cs_client */;

--
-- Dumping data for table `mvts_rates`
--

LOCK TABLES `mvts_rates` WRITE;
/*!40000 ALTER TABLE `mvts_rates` DISABLE KEYS */;
INSERT INTO `mvts_rates` VALUES (7,41,1,'880','BD Prime','0.0350',1,1,0,0,-1,0,0,23,59,'1333337107253','0','0',0,0,0),(8,42,3,'880','BD IGW','0.0355',1,1,0,0,-1,0,0,23,59,'1333337620620','0','0',0,0,0),(9,43,4,'880','BD Prime','0.0340',1,1,0,0,-1,0,0,23,0,'1333429421477','0','0',0,0,0);
/*!40000 ALTER TABLE `mvts_rates` ENABLE KEYS */;
UNLOCK TABLES;

--
-- Table structure for table `page_permissions`
--

DROP TABLE IF EXISTS `page_permissions`;
/*!40101 SET @saved_cs_client     = @@character_set_client */;
/*!40101 SET character_set_client = utf8 */;
CREATE TABLE `page_permissions` (
  `id` int(11) NOT NULL AUTO_INCREMENT,
  `role_id` int(11) NOT NULL DEFAULT '0',
  `page_id` int(11) NOT NULL DEFAULT '0',
  `permissions` int(11) NOT NULL DEFAULT '0',
  PRIMARY KEY (`id`)
) ENGINE=MyISAM AUTO_INCREMENT=57 DEFAULT CHARSET=latin1;
/*!40101 SET character_set_client = @saved_cs_client */;

--
-- Dumping data for table `page_permissions`
--

LOCK TABLES `page_permissions` WRITE;
/*!40000 ALTER TABLE `page_permissions` DISABLE KEYS */;
INSERT INTO `page_permissions` VALUES (1,5,1,14),(2,5,2,15),(3,5,3,15),(4,5,4,15),(5,5,5,15),(6,5,6,15),(7,5,7,15),(8,5,8,15),(9,5,9,15),(10,5,10,15),(11,5,11,15),(12,5,12,15),(13,5,13,15),(14,5,14,15),(15,1,1,15),(16,1,2,15),(17,1,3,0),(18,1,4,0),(19,1,5,0),(20,1,6,0),(21,1,7,0),(22,1,8,0),(23,1,9,0),(24,1,10,0),(25,1,11,15),(26,1,12,0),(27,1,13,0),(28,1,14,15),(29,3,1,0),(30,3,2,0),(31,3,3,0),(32,3,4,0),(33,3,5,0),(34,3,6,0),(35,3,7,0),(36,3,8,0),(37,3,9,0),(38,3,10,0),(39,3,11,0),(40,3,12,0),(41,3,13,0),(42,3,14,15),(43,6,1,0),(44,6,2,0),(45,6,3,0),(46,6,4,4),(47,6,5,4),(48,6,6,0),(49,6,7,14),(50,6,8,0),(51,6,9,14),(52,6,10,0),(53,6,11,0),(54,6,12,0),(55,6,13,0),(56,6,14,0);
/*!40000 ALTER TABLE `page_permissions` ENABLE KEYS */;
UNLOCK TABLES;

--
-- Table structure for table `pages`
--

DROP TABLE IF EXISTS `pages`;
/*!40101 SET @saved_cs_client     = @@character_set_client */;
/*!40101 SET character_set_client = utf8 */;
CREATE TABLE `pages` (
  `id` int(11) NOT NULL AUTO_INCREMENT,
  `page_name` varchar(255) NOT NULL DEFAULT '',
  `page_uri` varchar(255) NOT NULL DEFAULT '',
  PRIMARY KEY (`id`)
) ENGINE=MyISAM AUTO_INCREMENT=15 DEFAULT CHARSET=latin1;
/*!40101 SET character_set_client = @saved_cs_client */;

--
-- Dumping data for table `pages`
--

LOCK TABLES `pages` WRITE;
/*!40000 ALTER TABLE `pages` DISABLE KEYS */;
INSERT INTO `pages` VALUES (1,'Client','client'),(2,'Gateway','gateway'),(3,'Dial Plan','dialplan'),(4,'Rate Plan','rateplan'),(5,'Rate','rate'),(6,'Profile','profile'),(7,'Invoice','invoice'),(8,'Role','role'),(9,'Report','report'),(10,'Settings','settings'),(11,'Current Call','currentcall'),(12,'Activity','activity'),(13,'Transaction','transaction'),(14,'User','user');
/*!40000 ALTER TABLE `pages` ENABLE KEYS */;
UNLOCK TABLES;

--
-- Table structure for table `roles`
--

DROP TABLE IF EXISTS `roles`;
/*!40101 SET @saved_cs_client     = @@character_set_client */;
/*!40101 SET character_set_client = utf8 */;
CREATE TABLE `roles` (
  `id` int(11) NOT NULL AUTO_INCREMENT,
  `role_name` varchar(100) NOT NULL DEFAULT '',
  `status` tinyint(1) NOT NULL DEFAULT '1',
  `is_deleted` int(11) NOT NULL DEFAULT '0',
  `role_desc` varchar(100) NOT NULL DEFAULT '',
  PRIMARY KEY (`id`)
) ENGINE=MyISAM AUTO_INCREMENT=7 DEFAULT CHARSET=latin1;
/*!40101 SET character_set_client = @saved_cs_client */;

--
-- Dumping data for table `roles`
--

LOCK TABLES `roles` WRITE;
/*!40000 ALTER TABLE `roles` DISABLE KEYS */;
INSERT INTO `roles` VALUES (1,'test_role',1,0,'This is for test'),(2,'test_role3',1,0,'desc role'),(3,'sdfsdf',1,0,'sdfsdf'),(4,'fdghdf',1,1,'dfghfg'),(5,'all_permission',1,0,'All Access'),(6,'Billing',1,0,'billing');
/*!40000 ALTER TABLE `roles` ENABLE KEYS */;
UNLOCK TABLES;

--
-- Table structure for table `sequencers`
--

DROP TABLE IF EXISTS `sequencers`;
/*!40101 SET @saved_cs_client     = @@character_set_client */;
/*!40101 SET character_set_client = utf8 */;
CREATE TABLE `sequencers` (
  `id` bigint(18) NOT NULL AUTO_INCREMENT,
  `table_name` varchar(100) NOT NULL DEFAULT '',
  `max_id` bigint(18) NOT NULL DEFAULT '0',
  PRIMARY KEY (`id`),
  UNIQUE KEY `table_name` (`table_name`)
) ENGINE=MyISAM AUTO_INCREMENT=3 DEFAULT CHARSET=latin1;
/*!40101 SET character_set_client = @saved_cs_client */;

--
-- Dumping data for table `sequencers`
--

LOCK TABLES `sequencers` WRITE;
/*!40000 ALTER TABLE `sequencers` DISABLE KEYS */;
INSERT INTO `sequencers` VALUES (1,'rate_id',43),(2,'2',1);
/*!40000 ALTER TABLE `sequencers` ENABLE KEYS */;
UNLOCK TABLES;

--
-- Table structure for table `settings`
--

DROP TABLE IF EXISTS `settings`;
/*!40101 SET @saved_cs_client     = @@character_set_client */;
/*!40101 SET character_set_client = utf8 */;
CREATE TABLE `settings` (
  `id` int(4) NOT NULL AUTO_INCREMENT,
  `param` varchar(100) NOT NULL DEFAULT '',
  `value` varchar(32) NOT NULL DEFAULT '',
  PRIMARY KEY (`id`)
) ENGINE=MyISAM AUTO_INCREMENT=4 DEFAULT CHARSET=latin1;
/*!40101 SET character_set_client = @saved_cs_client */;

--
-- Dumping data for table `settings`
--

LOCK TABLES `settings` WRITE;
/*!40000 ALTER TABLE `settings` DISABLE KEYS */;
INSERT INTO `settings` VALUES (1,'TIME_ZONE','+06:00:00'),(2,'DECIMAL_PLACES','8'),(3,'OVER_SALES','0');
/*!40000 ALTER TABLE `settings` ENABLE KEYS */;
UNLOCK TABLES;

--
-- Table structure for table `users`
--

DROP TABLE IF EXISTS `users`;
/*!40101 SET @saved_cs_client     = @@character_set_client */;
/*!40101 SET character_set_client = utf8 */;
CREATE TABLE `users` (
  `id` int(11) NOT NULL AUTO_INCREMENT,
  `user_id` varchar(50) NOT NULL,
  `role_id` int(11) NOT NULL DEFAULT '0',
  `user_password` varchar(32) NOT NULL,
  `user_full_name` varchar(100) DEFAULT NULL,
  `user_status` tinyint(1) NOT NULL DEFAULT '1',
  `user_delete` tinyint(1) NOT NULL DEFAULT '0',
  PRIMARY KEY (`id`)
) ENGINE=MyISAM AUTO_INCREMENT=7 DEFAULT CHARSET=latin1;
/*!40101 SET character_set_client = @saved_cs_client */;

--
-- Dumping data for table `users`
--

LOCK TABLES `users` WRITE;
/*!40000 ALTER TABLE `users` DISABLE KEYS */;
INSERT INTO `users` VALUES (-1,'admin',-1,'admin24','super admin',0,0),(6,'sub',5,'123456','subrata',0,0);
/*!40000 ALTER TABLE `users` ENABLE KEYS */;
UNLOCK TABLES;
/*!40103 SET TIME_ZONE=@OLD_TIME_ZONE */;

/*!40101 SET SQL_MODE=@OLD_SQL_MODE */;
/*!40014 SET FOREIGN_KEY_CHECKS=@OLD_FOREIGN_KEY_CHECKS */;
/*!40014 SET UNIQUE_CHECKS=@OLD_UNIQUE_CHECKS */;
/*!40101 SET CHARACTER_SET_CLIENT=@OLD_CHARACTER_SET_CLIENT */;
/*!40101 SET CHARACTER_SET_RESULTS=@OLD_CHARACTER_SET_RESULTS */;
/*!40101 SET COLLATION_CONNECTION=@OLD_COLLATION_CONNECTION */;
/*!40111 SET SQL_NOTES=@OLD_SQL_NOTES */;

-- Dump completed on 2012-06-13  3:35:49
